protein_id,algorithm,time,score,checked,placed,hash
0,bnb_dfs,6.008148193359375e-05,0,1,16,"[-1, -1, 2, 2, 2, 2, 2, 2, 2]"
1,bnb_dfs,0.005931377410888672,-2,3,1577,"[-1, -1, 2, 2, 2, 2, 1, -2, -2]"
2,bnb_dfs,0.002703428268432617,-4,5,777,"[-1, -2, -1, -2, -2, 1, 2, 1, 2]"
3,bnb_dfs,0.0011594295501708984,-2,3,320,"[-1, -1, 2, 2, 1, -2, 1, 2, 2]"
4,bnb_dfs,0.0015113353729248047,-4,5,479,"[-1, -2, 1, 1, -2, -1, -1, -1, 2]"
5,bnb_dfs,0.0002493858337402344,-2,3,86,"[-1, -1, 2, -1, -2, -2, 1, 1, 1]"
6,bnb_dfs,0.0009641647338867188,-3,4,339,"[-1, -1, 2, 2, -1, -2, -1, -2, 1]"
7,bnb_dfs,0.0046312808990478516,0,1,1575,"[-1, -1, 2, 2, 2, 2, 2, 2, 2]"
8,bnb_dfs,0.0011749267578125,-2,3,360,"[-1, -1, 2, -1, -1, -2, 1, -2, 1]"
9,bnb_dfs,0.000209808349609375,-2,3,67,"[-1, -1, 2, 2, -1, -1, -2, 1, -2]"
10,bnb_dfs,0.0024635791778564453,-4,4,788,"[-1, -1, 2, -1, 2, 1, 1, -2, 1]"
11,bnb_dfs,0.0027387142181396484,-3,4,866,"[-1, -1, 2, 1, 1, 2, 1, -2, -2]"
12,bnb_dfs,0.0031702518463134766,-4,4,863,"[-1, -1, 2, 2, 2, 1, -2, -2, 1]"
13,bnb_dfs,9.131431579589844e-05,0,1,32,"[-1, -1, 2, 2, 2, 2, 2, 2, 2]"
14,bnb_dfs,0.00026798248291015625,-3,4,90,"[-1, -1, 2, 1, 2, 2, -1, -2, -1]"
15,bnb_dfs,0.0030596256256103516,-3,4,882,"[-1, -1, 2, 1, 1, 2, 1, -2, -2]"
16,bnb_dfs,0.00061798095703125,-3,3,225,"[-1, -1, 2, 2, 2, 1, -2, -2, 1]"
17,bnb_dfs,0.0010957717895507812,-3,4,392,"[-1, -1, 2, 1, 2, 1, 1, -2, -1]"
18,bnb_dfs,0.0016431808471679688,-4,5,508,"[-1, -2, 1, 1, 1, 2, 2, -1, -2]"
19,bnb_dfs,0.005650520324707031,-1,2,1576,"[-1, -1, 2, 2, 2, 1, -2, -2, 1]"
20,bnb_dfs,0.0003039836883544922,-2,3,113,"[-1, -1, 2, 1, 1, 2, 1, -2, 1]"
21,bnb_dfs,0.0010771751403808594,-4,5,334,"[-1, -1, 2, 2, 1, -2, 1, 1, -2]"
22,bnb_dfs,0.002569913864135742,-4,4,710,"[-1, -1, 2, 2, 2, 1, -2, -2, 1]"
23,bnb_dfs,0.0008611679077148438,-3,4,247,"[-1, -1, 2, -1, -2, -2, 1, 1, 1]"
24,bnb_dfs,0.0005817413330078125,-2,3,185,"[-1, -2, -1, -2, 1, 1, 2, 1, 2]"
25,bnb_dfs,0.00418400764465332,-2,3,1577,"[-1, -1, 2, -1, -2, -1, -2, 1, 1]"
26,bnb_dfs,0.0002777576446533203,-2,3,95,"[-1, -1, 2, 1, 2, 1, -2, 1, 2]"
27,bnb_dfs,0.0009982585906982422,-3,4,295,"[-1, -2, 1, 1, -2, -1, -1, -1, 2]"
28,bnb_dfs,0.003599882125854492,-3,4,1236,"[-1, -2, -1, -1, -2, 1, 1, 1, 2]"
29,bnb_dfs,0.003293275833129883,-3,4,948,"[-1, -1, 2, 2, -1, -1, -2, 1, -2]"
30,bnb_dfs,0.0008192062377929688,-3,3,244,"[-1, -1, 2, 2, 1, -2, 1, 2, 2]"
31,bnb_dfs,0.0028352737426757812,-4,5,794,"[-1, -2, 1, 1, -2, -1, -1, -1, 2]"
32,bnb_dfs,0.0031175613403320312,-3,4,903,"[-1, -1, 2, 1, 1, 2, 1, -2, -2]"
33,bnb_dfs,0.0002219676971435547,0,1,79,"[-1, -1, 2, 2, 2, 2, 2, 2, 2]"
34,bnb_dfs,0.004128694534301758,-2,3,1577,"[-1, -2, 1, 1, 2, 2, 2, -1, -2]"
35,bnb_dfs,0.0022423267364501953,-3,4,685,"[-1, -1, 2, -1, 2, -1, -2, -2, 1]"
36,bnb_dfs,0.0008633136749267578,-3,4,293,"[-1, -1, 2, 1, 1, 1, 1, -2, -1]"
37,bnb_dfs,0.0007603168487548828,-3,3,228,"[-1, -1, 2, -1, 2, 1, 1, -2, 1]"
38,bnb_dfs,8.749961853027344e-05,-2,3,34,"[-1, -2, 1, 1, 2, 2, 2, 2, 2]"
39,bnb_dfs,0.0006718635559082031,-2,3,222,"[-1, -1, 2, 2, 1, -2, 1, 2, 2]"
40,bnb_dfs,8.869171142578125e-05,0,1,32,"[-1, -1, 2, 2, 2, 2, 2, 2, 2]"
41,bnb_dfs,0.00014019012451171875,-2,2,43,"[-1, -1, 2, 2, 1, -2, 1, 2, 2]"
42,bnb_dfs,0.0024542808532714844,-4,5,782,"[-1, -1, 2, 1, 2, 2, 1, -2, -2]"
43,bnb_dfs,0.00042939186096191406,-2,3,128,"[-1, -1, 2, 2, -1, -2, -2, -1, 2]"
44,bnb_dfs,0.0007455348968505859,-1,2,213,"[-1, -1, 2, 2, 1, -2, 1, 2, 2]"
45,bnb_dfs,0.0014696121215820312,0,1,576,"[-1, -1, 2, 2, 2, 2, 2, 2, 2]"
46,bnb_dfs,0.00027060508728027344,-3,4,96,"[-1, -1, 2, 1, 2, 1, -2, 1, 2]"
47,bnb_dfs,5.2928924560546875e-05,-1,2,22,"[-1, -1, 2, 1, 2, 2, 2, 2, 2]"
48,bnb_dfs,0.005877494812011719,-2,3,1577,"[-1, -1, 2, 2, 2, 1, 1, -2, -1]"
49,bnb_dfs,0.001058816909790039,-3,4,302,"[-1, -2, -1, -2, 1, 1, 2, 1, 2]"
50,bnb_dfs,0.0010955333709716797,-3,4,392,"[-1, -1, 2, 1, 2, 1, 1, -2, -1]"
51,bnb_dfs,0.004130840301513672,-2,3,1577,"[-1, -2, -1, -1, -2, 1, 1, 1, 2]"
52,bnb_dfs,0.00029349327087402344,-3,3,98,"[-1, -1, 2, 2, 1, -2, 1, 2, 2]"
53,bnb_dfs,0.00410151481628418,-1,2,1576,"[-1, -1, 2, 2, 2, -1, -2, -2, -2]"
54,bnb_dfs,0.0006928443908691406,-2,3,222,"[-1, -1, 2, 2, 1, -2, 1, 2, 2]"
55,bnb_dfs,0.0025811195373535156,-3,4,865,"[-1, -1, -1, 2, 2, 1, 1, -2, -1]"
56,bnb_dfs,4.38690185546875e-05,0,1,16,"[-1, -1, 2, 2, 2, 2, 2, 2, 2]"
57,bnb_dfs,0.001033782958984375,-2,3,405,"[-1, -2, -1, 2, 2, 2, 1, -2, 1]"
58,bnb_dfs,0.0008490085601806641,-3,4,242,"[-1, -1, 2, 2, 1, -2, 1, 2, 2]"
59,bnb_dfs,0.00043201446533203125,-2,2,163,"[-1, -1, 2, 2, 2, 1, -2, -2, 1]"
60,bnb_dfs,0.004602193832397461,-2,3,1577,"[-1, -1, 2, 2, 1, 2, -1, -1, -2]"
61,bnb_dfs,0.0011508464813232422,-3,4,418,"[-1, -1, -1, 2, 1, 1, 2, 1, -2]"
62,bnb_dfs,0.0015704631805419922,-3,4,497,"[-1, -1, 2, 2, -1, -2, -1, -2, 1]"
63,bnb_dfs,0.00017142295837402344,-2,2,51,"[-1, -1, 2, 2, 1, -2, 1, 2, 2]"
64,bnb_dfs,0.0006382465362548828,-3,3,233,"[-1, -1, 2, 2, 2, 1, -2, -2, 1]"
65,bnb_dfs,0.0032050609588623047,-3,4,1107,"[-1, -2, 1, 1, 1, 2, -1, 2, -1]"
66,bnb_dfs,0.001066446304321289,-3,4,296,"[-1, -2, -1, 2, 2, 2, 1, -2, 1]"
67,bnb_dfs,0.0005128383636474609,-2,3,165,"[-1, -1, 2, 2, 1, -2, 1, 2, 2]"
68,bnb_dfs,5.054473876953125e-05,-1,2,22,"[-1, -1, 2, 1, 2, 2, 2, 2, 2]"
69,bnb_dfs,0.004622697830200195,0,1,1575,"[-1, -1, 2, 2, 2, 2, 2, 2, 2]"
70,bnb_dfs,0.002804994583129883,-3,4,1041,"[-1, -2, 1, 1, 2, 2, 2, -1, -2]"
71,bnb_dfs,0.0002796649932861328,-2,3,95,"[-1, -1, 2, 1, 2, 1, -2, 1, 2]"
72,bnb_dfs,0.00466609001159668,-2,3,1577,"[-1, -1, 2, 2, 1, 2, -1, -1, -2]"
73,bnb_dfs,0.0004355907440185547,-2,3,170,"[-1, -2, -1, -2, 1, 1, 2, 1, 2]"
74,bnb_dfs,0.0010864734649658203,-4,5,372,"[-1, -2, 1, 1, 2, 2, 2, -1, -2]"
75,bnb_dfs,0.0042879581451416016,-1,2,1576,"[-1, -1, 2, 2, 2, 2, 2, 1, -2]"
76,bnb_dfs,0.00028777122497558594,-3,3,104,"[-1, -1, 2, -1, 2, 1, 1, -2, 1]"
77,bnb_dfs,0.00011849403381347656,-1,2,37,"[-1, -1, 2, 1, 2, 2, 2, 2, 2]"
78,bnb_dfs,8.487701416015625e-05,-2,3,34,"[-1, -2, 1, 1, 2, 2, 2, 2, 2]"
79,bnb_dfs,4.506111145019531e-05,0,1,16,"[-1, -1, 2, 2, 2, 2, 2, 2, 2]"
80,bnb_dfs,0.0005006790161132812,-2,3,153,"[-1, -1, 2, 1, 1, 2, 1, -2, 1]"
81,bnb_dfs,0.0042171478271484375,-2,3,1577,"[-1, -1, 2, 1, 2, 2, 1, -2, -2]"
82,bnb_dfs,0.0005419254302978516,-1,2,213,"[-1, -1, 2, 2, 1, 1, -2, 1, 2]"
83,bnb_dfs,0.002370119094848633,-3,4,751,"[-1, -1, 2, 1, 2, 1, 1, -2, -1]"
84,bnb_dfs,0.004591464996337891,-2,3,1577,"[-1, -1, 2, 2, -1, -2, -2, -2, 1]"
85,bnb_dfs,0.00046944618225097656,-2,3,148,"[-1, -1, 2, 2, 1, -2, 1, 2, 2]"
86,bnb_dfs,0.0026912689208984375,-3,4,1023,"[-1, -2, 1, 1, 1, 2, 2, -1, -2]"
87,bnb_dfs,0.003660917282104492,-3,4,1004,"[-1, -1, 2, 2, -1, -1, -2, 1, -2]"
88,bnb_dfs,0.0025680065155029297,-4,5,828,"[-1, -2, 1, -2, 1, 2, 1, 2, -1]"
89,bnb_dfs,0.0002167224884033203,0,1,79,"[-1, -1, 2, 2, 2, 2, 2, 2, 2]"
90,bnb_dfs,0.0009610652923583984,-2,3,287,"[-1, -1, 2, 2, -1, -2, -2, -1, 2]"
91,bnb_dfs,0.00084686279296875,-3,3,236,"[-1, -1, 2, 2, 2, 1, -2, -2, 1]"
92,bnb_dfs,0.0052950382232666016,-1,2,1576,"[-1, -1, 2, 2, 2, 2, 1, -2, -2]"
93,bnb_dfs,0.0007884502410888672,-2,3,280,"[-1, -1, 2, 2, 2, 1, -2, -2, 1]"
94,bnb_dfs,9.846687316894531e-05,-3,3,36,"[-1, -1, 2, 1, 2, 1, -2, 1, 2]"
95,bnb_dfs,0.0010883808135986328,-2,3,315,"[-1, -1, 2, 2, 1, -2, 1, 2, 2]"
96,bnb_dfs,0.003050565719604492,-3,4,983,"[-1, -1, 2, -1, -2, -1, -2, 1, 1]"
97,bnb_dfs,0.0003924369812011719,-3,4,144,"[-1, -2, 1, 1, 2, 2, 1, -2, 1]"
98,bnb_dfs,0.00587773323059082,-1,2,1576,"[-1, -1, 2, 2, 2, 2, 2, 1, -2]"
99,bnb_dfs,0.0014979839324951172,-4,5,500,"[-1, -2, 1, 1, 2, 1, -2, -2, -1]"
100,bnb_dfs,0.00022792816162109375,-2,2,90,"[-1, -1, 2, 2, 2, 1, -2, -2, 1]"
101,bnb_dfs,0.000743865966796875,-3,4,255,"[-1, -2, 1, 1, 2, 2, -1, -1, 2]"
102,bnb_dfs,0.002277851104736328,-3,4,790,"[-1, -1, 2, 1, 2, 2, 1, -2, -2]"
103,bnb_dfs,0.005830287933349609,-2,3,1577,"[-1, -1, 2, 2, -1, -2, -1, -2, 1]"
104,bnb_dfs,0.0012850761413574219,-3,4,436,"[-1, -1, 2, 1, 1, 1, -2, -2, -1]"
105,bnb_dfs,0.00011801719665527344,-1,2,37,"[-1, -1, 2, -1, -2, -1, 2, 2, 2]"
106,bnb_dfs,0.0001709461212158203,-2,3,63,"[-1, -1, 2, 1, 1, 1, -2, 1, 2]"
107,bnb_dfs,0.0024030208587646484,-3,4,751,"[-1, -1, 2, 1, 2, 1, 1, -2, -1]"
108,bnb_dfs,0.00033545494079589844,-3,4,118,"[-1, -2, -1, 2, 2, 2, 1, -2, 1]"
109,bnb_dfs,0.0014679431915283203,-4,5,499,"[-1, -2, 1, 1, 1, 2, -1, 2, -1]"
110,bnb_dfs,0.0031061172485351562,-3,4,958,"[-1, -1, 2, -1, -1, -1, -2, 1, 1]"
111,bnb_dfs,0.005861043930053711,-2,3,1577,"[-1, -1, 2, 2, 2, 1, 1, -2, -1]"
112,bnb_dfs,0.0014693737030029297,-3,3,467,"[-1, -1, 2, 2, -1, -2, -1, -2, 1]"
113,bnb_dfs,0.000993490219116211,-4,5,349,"[-1, -1, 2, 1, 2, 1, -2, 1, -2]"
114,bnb_dfs,0.0006926059722900391,-1,2,213,"[-1, -1, 2, 2, 1, -2, 1, 2, 2]"
115,bnb_dfs,0.0006852149963378906,-1,2,213,"[-1, -1, 2, 2, -1, -2, -2, -1, 2]"
116,bnb_dfs,0.0023860931396484375,-4,5,696,"[-1, -1, 2, 1, 2, 2, 1, -2, -2]"
117,bnb_dfs,0.002020120620727539,-1,2,578,"[-1, -1, 2, 2, 1, 1, -2, 1, 2]"
118,bnb_dfs,3.0517578125e-05,0,1,11,"[-1, -1, 2, 2, 2, 2, 2, 2, 2]"
119,bnb_dfs,0.0016443729400634766,-4,5,555,"[-1, -2, -1, -2, 1, 1, 2, 1, 2]"
120,bnb_dfs,0.004573822021484375,-2,3,1577,"[-1, -1, 2, 2, 1, 1, -2, 1, -2]"
121,bnb_dfs,0.00019097328186035156,-2,3,67,"[-1, -1, 2, 2, -1, -1, -2, 1, -2]"
122,bnb_dfs,0.0006725788116455078,-3,3,225,"[-1, -1, 2, 2, 2, 1, -2, -2, 1]"
123,bnb_dfs,0.0002446174621582031,-2,3,73,"[-1, -2, 1, 1, 2, 2, 2, 2, 2]"
124,bnb_dfs,0.0022377967834472656,-3,3,786,"[-1, -1, 2, 2, 2, 1, -2, -2, 1]"
125,bnb_dfs,0.0010478496551513672,-2,3,405,"[-1, -2, -1, 2, 2, 2, 1, -2, 1]"
126,bnb_dfs,0.0002300739288330078,-3,4,76,"[-1, -1, 2, 1, 2, 2, -1, -2, -1]"
127,bnb_dfs,0.004549264907836914,0,1,1575,"[-1, -1, 2, 2, 2, 2, 2, 2, 2]"
128,bnb_dfs,0.001558065414428711,-3,4,534,"[-1, -1, 2, 1, 2, 1, 1, -2, -1]"
129,bnb_dfs,0.004552125930786133,0,1,1575,"[-1, -1, 2, 2, 2, 2, 2, 2, 2]"
130,bnb_dfs,0.004498958587646484,-3,4,1257,"[-1, -2, 1, 1, 1, 2, -1, 2, -1]"
131,bnb_dfs,0.0054280757904052734,-2,3,1577,"[-1, -1, -1, 2, 2, 1, 1, -2, -1]"
132,bnb_dfs,0.0030069351196289062,-3,4,832,"[-1, -1, 2, 2, -1, -2, -1, -2, 1]"
133,bnb_dfs,0.0008530616760253906,-3,3,252,"[-1, -1, 2, 2, 2, 1, -2, -2, 1]"
134,bnb_dfs,0.0002448558807373047,-3,4,82,"[-1, -2, -1, -2, 1, 1, 2, 1, 2]"
135,bnb_dfs,0.002392292022705078,-4,5,765,"[-1, -1, 2, 1, 2, -1, -1, -2, -2]"
136,bnb_dfs,9.465217590332031e-05,-1,2,37,"[-1, -1, 2, 1, 1, 2, 2, 2, 2]"
137,bnb_dfs,0.0033228397369384766,-3,4,918,"[-1, -1, 2, 2, 1, -2, 1, 2, 2]"
138,bnb_dfs,0.000823974609375,-2,3,289,"[-1, -1, 2, -1, -2, -2, 1, 1, 1]"
139,bnb_dfs,0.001398324966430664,-4,5,471,"[-1, -2, 1, 1, 2, 2, 2, -1, -2]"
140,bnb_dfs,0.0006835460662841797,-3,3,252,"[-1, -2, 1, 1, 2, 2, -1, -1, 2]"
141,bnb_dfs,0.00010323524475097656,-3,3,36,"[-1, -1, 2, 1, 2, 1, -2, 1, 2]"
142,bnb_dfs,0.0042345523834228516,-2,3,1577,"[-1, -1, 2, 1, 1, 2, 1, -2, -2]"
143,bnb_dfs,0.0003314018249511719,-2,2,112,"[-1, -1, 2, 2, 1, -2, 1, 2, 2]"
144,bnb_dfs,0.003176450729370117,-4,5,899,"[-1, -2, 1, 1, 2, 1, 2, -1, -1]"
145,bnb_dfs,0.002624988555908203,-4,5,746,"[-1, -1, 2, 1, 2, 2, 1, -2, -2]"
146,bnb_dfs,0.0046863555908203125,-2,3,1577,"[-1, -1, 2, 2, 1, 2, -1, -1, -2]"
147,bnb_dfs,0.005899667739868164,-2,3,1577,"[-1, -1, 2, 2, 2, 2, 1, -2, -2]"
148,bnb_dfs,0.0027496814727783203,-4,5,888,"[-1, -2, -1, -2, 1, -2, 1, 2, 2]"
149,bnb_dfs,0.000990152359008789,-3,4,276,"[-1, -1, 2, -1, -2, -2, 1, 1, 1]"
150,bnb_dfs,0.004175424575805664,0,1,1575,"[-1, -1, 2, 2, 2, 2, 2, 2, 2]"
151,bnb_dfs,0.003003358840942383,-4,5,801,"[-1, -1, -1, 2, 2, 1, 1, -2, -1]"
152,bnb_dfs,0.00043463706970214844,-2,2,163,"[-1, -1, 2, 2, 2, 1, -2, -2, 1]"
153,bnb_dfs,0.0043964385986328125,-2,3,1577,"[-1, -1, 2, 2, 2, 1, 1, -2, -1]"
154,bnb_dfs,0.0027832984924316406,-3,4,800,"[-1, -1, 2, -1, -2, -2, 1, 1, 1]"
155,bnb_dfs,0.005667924880981445,-1,2,1576,"[-1, -1, 2, 2, 2, 1, -2, -2, 1]"
156,bnb_dfs,0.00049591064453125,-2,3,173,"[-1, -1, 2, 1, 1, 2, 1, -2, 1]"
157,bnb_dfs,0.002707958221435547,-3,4,862,"[-1, -1, 2, -1, 2, 1, 1, -2, 1]"
158,bnb_dfs,0.0016694068908691406,-3,4,568,"[-1, -1, 2, -1, 2, -1, -2, -2, 1]"
159,bnb_dfs,0.0028159618377685547,-3,4,919,"[-1, -1, 2, 2, -1, -1, -2, 1, -2]"
160,bnb_dfs,0.001285552978515625,-2,3,417,"[-1, -2, 1, 1, 2, 2, -1, -1, 2]"
161,bnb_dfs,0.0003724098205566406,-2,2,112,"[-1, -1, 2, 2, 1, -2, 1, 2, 2]"
162,bnb_dfs,0.00041985511779785156,-2,2,124,"[-1, -1, 2, 2, 1, -2, 1, 2, 2]"
163,bnb_dfs,0.0016145706176757812,0,1,576,"[-1, -1, 2, 2, 2, 2, 2, 2, 2]"
164,bnb_dfs,0.00018167495727539062,-3,3,59,"[-1, -1, 2, 1, 2, 1, -2, 1, 2]"
165,bnb_dfs,0.005243539810180664,-2,3,1577,"[-1, -2, -1, -1, -2, 1, 1, 1, 2]"
166,bnb_dfs,0.0010900497436523438,-4,5,367,"[-1, -1, 2, 1, 2, 1, 1, -2, -1]"
167,bnb_dfs,2.3126602172851562e-05,0,1,10,"[-1, -1, 2, 2, 2, 2, 2, 2, 2]"
168,bnb_dfs,0.001470327377319336,-3,4,514,"[-1, -1, 2, 2, -1, -2, -1, -2, 1]"
169,bnb_dfs,0.0005207061767578125,-3,4,168,"[-1, -2, 1, 1, 2, 2, 1, -2, 1]"
170,bnb_dfs,0.0058557987213134766,-2,3,1577,"[-1, -1, 2, 2, 1, -2, 1, 2, 2]"
171,bnb_dfs,0.00039887428283691406,-2,3,119,"[-1, -1, 2, -1, -2, -2, 1, 1, 1]"
172,bnb_dfs,0.0013589859008789062,-4,5,470,"[-1, -2, 1, 1, 1, 2, -1, 2, -1]"
173,bnb_dfs,0.0047342777252197266,-1,2,1576,"[-1, -1, 2, 2, 2, 2, 2, 1, -2]"
174,bnb_dfs,0.002380847930908203,-4,5,782,"[-1, -2, 1, 1, -2, -1, -2, -1, 2]"
175,bnb_dfs,0.0016820430755615234,-1,2,578,"[-1, -1, 2, 2, 2, 2, 1, -2, 1]"
176,bnb_dfs,0.000125885009765625,-3,4,45,"[-1, -2, 1, 1, 1, 2, -1, 2, 2]"
177,bnb_dfs,0.004735708236694336,-2,3,1577,"[-1, -1, 2, 2, 1, -2, 1, 2, 2]"
178,bnb_dfs,0.003309011459350586,-4,5,902,"[-1, -2, 1, 1, 2, 2, 2, -1, -2]"
179,bnb_dfs,2.9802322387695312e-05,0,1,11,"[-1, -1, 2, 2, 2, 2, 2, 2, 2]"
180,bnb_dfs,0.0038263797760009766,-3,4,1069,"[-1, -1, 2, 2, 2, 1, -2, -2, 1]"
181,bnb_dfs,0.0012135505676269531,-3,4,382,"[-1, -1, 2, 2, 1, -2, 1, 1, -2]"
182,bnb_dfs,0.004096031188964844,-2,3,1577,"[-1, -2, 1, 1, 2, 2, 2, -1, -2]"
183,bnb_dfs,0.004113674163818359,-1,2,1576,"[-1, -1, 2, 2, 2, 1, 1, -2, -2]"
184,bnb_dfs,0.005219221115112305,-1,2,1576,"[-1, -1, 2, 2, 2, 1, -2, -2, 1]"
185,bnb_dfs,0.002745389938354492,-4,5,901,"[-1, -2, -1, -2, 1, -2, 1, 2, 2]"
186,bnb_dfs,0.0012063980102539062,-2,3,434,"[-1, -2, -1, -1, 2, 1, 2, 1, 2]"
187,bnb_dfs,0.0019097328186035156,-3,4,660,"[-1, -1, 2, 2, -1, -2, -1, -2, 1]"
188,bnb_dfs,0.00028705596923828125,-1,2,83,"[-1, -1, 2, 2, 1, -2, 1, 2, 2]"
189,bnb_dfs,0.0003745555877685547,-2,3,144,"[-1, -2, 1, 1, 2, 2, -1, 2, 2]"
190,bnb_dfs,0.0014293193817138672,0,1,576,"[-1, -1, 2, 2, 2, 2, 2, 2, 2]"
191,bnb_dfs,0.0017046928405761719,-3,4,579,"[-1, -1, 2, 1, 1, 1, -2, -2, -1]"
192,bnb_dfs,0.0026237964630126953,-4,4,733,"[-1, -1, 2, 2, 1, -2, 1, 2, 2]"
193,bnb_dfs,0.0030486583709716797,-4,5,936,"[-1, -2, 1, 1, 2, 2, 2, -1, -2]"
194,bnb_dfs,0.002115488052368164,-4,4,727,"[-1, -1, 2, 1, 2, 2, 1, -2, -2]"
195,bnb_dfs,0.0005598068237304688,-3,4,199,"[-1, -1, 2, 1, 2, 1, 1, -2, -1]"
196,bnb_dfs,0.00031304359436035156,-3,3,96,"[-1, -1, 2, 2, 1, -2, 1, 2, 2]"
197,bnb_dfs,9.059906005859375e-05,-1,2,37,"[-1, -1, 2, -1, -2, -1, 2, 2, 2]"
198,bnb_dfs,0.0034677982330322266,-3,4,980,"[-1, -1, 2, 2, 2, -1, -2, -2, -2]"
199,bnb_dfs,0.0017113685607910156,-2,3,498,"[-1, -2, -1, -2, 1, 1, 2, 1, 2]"
200,bnb_dfs,0.001638174057006836,-2,3,472,"[-1, -2, -1, -1, 2, 1, 2, 1, 2]"
201,bnb_dfs,0.004086494445800781,0,1,1575,"[-1, -1, 2, 2, 2, 2, 2, 2, 2]"
202,bnb_dfs,0.00542449951171875,-2,3,1577,"[-1, -1, 2, 2, -1, -2, -1, -2, 1]"
203,bnb_dfs,0.0014586448669433594,0,1,576,"[-1, -1, 2, 2, 2, 2, 2, 2, 2]"
204,bnb_dfs,0.0014538764953613281,-1,2,578,"[-1, -1, 2, 2, 2, 1, -2, -2, 1]"
205,bnb_dfs,0.0018742084503173828,-1,2,578,"[-1, -1, 2, 2, 2, 1, -2, -2, 1]"
206,bnb_dfs,0.0006361007690429688,-2,3,206,"[-1, -1, 2, 1, 1, 2, 1, -2, 1]"
207,bnb_dfs,0.00015497207641601562,-2,3,62,"[-1, -2, 1, 1, -2, -1, -1, -1, 2]"
208,bnb_dfs,0.0041961669921875,-2,3,1577,"[-1, -1, 2, 1, 2, 2, 1, -2, -2]"
209,bnb_dfs,0.004616737365722656,-2,3,1577,"[-1, -1, 2, 2, -1, -2, -2, -2, 1]"
210,bnb_dfs,0.0010037422180175781,-4,5,340,"[-1, -1, -1, 2, 1, 1, 2, 1, -2]"
211,bnb_dfs,0.0026335716247558594,-4,5,875,"[-1, -2, 1, 1, 2, 1, 2, -1, -1]"
212,bnb_dfs,0.0047032833099365234,-3,4,1312,"[-1, -2, -1, 2, -1, 2, 1, 1, 2]"
213,bnb_dfs,0.004158973693847656,-2,3,1577,"[-1, -1, 2, 1, 2, 2, 1, -2, -2]"
214,bnb_dfs,7.534027099609375e-05,-2,3,29,"[-1, -1, 2, 1, 1, 2, 2, 2, 2]"
215,bnb_dfs,0.000141143798828125,-2,3,49,"[-1, -1, 2, -1, -1, -2, 1, -2, 1]"
216,bnb_dfs,0.0007593631744384766,-1,2,213,"[-1, -1, 2, 2, 2, 1, -2, 1, 2]"
217,bnb_dfs,0.004134654998779297,-2,3,1577,"[-1, -1, 2, 1, 2, 2, 1, -2, -2]"
218,bnb_dfs,0.00022149085998535156,0,1,79,"[-1, -1, 2, 2, 2, 2, 2, 2, 2]"
219,bnb_dfs,0.0025963783264160156,-4,5,717,"[-1, -1, 2, 1, 2, -1, -1, -2, -2]"
220,bnb_dfs,0.0003120899200439453,-2,3,104,"[-1, -1, 2, -1, -1, -2, 1, -2, 1]"
221,bnb_dfs,0.0019898414611816406,-4,5,671,"[-1, -2, -1, -2, 1, 1, 2, 1, 2]"
222,bnb_dfs,0.00235748291015625,-4,5,657,"[-1, -1, 2, 1, 2, 1, 1, -2, -1]"
223,bnb_dfs,0.0027916431427001953,-3,4,1041,"[-1, -2, 1, 1, 2, 2, 2, -1, -2]"
224,bnb_dfs,0.0031087398529052734,-3,4,851,"[-1, -1, 2, 2, 2, -1, -2, -2, -2]"
225,bnb_dfs,0.003860950469970703,-3,4,1044,"[-1, -1, 2, 2, 2, -1, -2, -2, -2]"
226,bnb_dfs,0.0019941329956054688,-3,4,616,"[-1, -1, 2, 2, -1, -2, -1, -2, 1]"
227,bnb_dfs,0.0008530616760253906,-3,4,256,"[-1, -1, 2, 1, 2, 1, -2, 1, 2]"
228,bnb_dfs,0.001140594482421875,-4,5,336,"[-1, -1, 2, 2, 1, -2, 1, 1, -2]"
229,bnb_dfs,0.005738019943237305,-2,3,1577,"[-1, -1, 2, 2, -1, -1, -2, 1, -2]"
230,bnb_dfs,0.0014679431915283203,-4,5,505,"[-1, -2, -1, -2, -2, 1, 2, 1, 2]"
231,bnb_dfs,0.001055002212524414,-2,3,313,"[-1, -1, 2, 1, 2, 1, -2, 1, 2]"
232,bnb_dfs,0.0005002021789550781,-2,3,180,"[-1, -1, 2, 1, 2, -1, -1, -2, -1]"
233,bnb_dfs,0.0003590583801269531,-3,3,104,"[-1, -1, 2, 2, 1, -2, 1, 2, 2]"
234,bnb_dfs,0.001348257064819336,-3,4,471,"[-1, -1, 2, -1, -2, -2, -2, 1, 2]"
235,bnb_dfs,0.0020797252655029297,-3,4,640,"[-1, -1, 2, 1, 2, 1, 1, -2, -1]"
236,bnb_dfs,0.00168609619140625,-4,5,529,"[-1, -2, 1, 1, 1, 2, 2, -1, -2]"
237,bnb_dfs,0.0011019706726074219,-2,3,325,"[-1, -1, 2, 2, 2, 1, -2, -2, 1]"
238,bnb_dfs,0.002621173858642578,-4,4,726,"[-1, -1, 2, 2, 2, 1, -2, -2, 1]"
239,bnb_dfs,0.0005457401275634766,-4,5,186,"[-1, -2, 1, 1, 2, 2, -1, -1, 2]"
240,bnb_dfs,0.001966714859008789,-3,4,670,"[-1, -1, 2, -1, 2, -1, -2, -2, 1]"
241,bnb_dfs,0.003170490264892578,-3,4,882,"[-1, -1, 2, 1, 1, 2, 1, -2, -2]"
242,bnb_dfs,0.005240917205810547,0,1,1575,"[-1, -1, 2, 2, 2, 2, 2, 2, 2]"
243,bnb_dfs,0.0036554336547851562,-3,4,1002,"[-1, -1, 2, 2, 1, -2, 1, 2, 2]"
244,bnb_dfs,0.0023851394653320312,-4,5,762,"[-1, -1, -1, 2, 2, 1, 1, -2, -1]"
245,bnb_dfs,8.20159912109375e-05,0,1,32,"[-1, -1, 2, 2, 2, 2, 2, 2, 2]"
246,bnb_dfs,0.0001480579376220703,-2,3,55,"[-1, -1, -1, 2, 1, 1, 2, 2, 2]"
247,bnb_dfs,0.0006172657012939453,-1,2,213,"[-1, -1, 2, 2, 2, 1, -2, 1, 2]"
248,bnb_dfs,0.0028078556060791016,-4,5,786,"[-1, -2, 1, -2, 1, 2, 2, 2, -1]"
249,bnb_dfs,0.0010063648223876953,-4,5,344,"[-1, -2, 1, 1, 2, 2, 2, -1, -2]"
250,bnb_dfs,0.0002079010009765625,-1,2,83,"[-1, -1, 2, 2, 1, -2, 1, 2, 2]"
251,bnb_dfs,2.1696090698242188e-05,0,1,10,"[-1, -1, 2, 2, 2, 2, 2, 2, 2]"
252,bnb_dfs,0.0024209022521972656,-4,5,811,"[-1, -2, 1, 1, 2, 2, 1, -2, -2]"
253,bnb_dfs,0.0009696483612060547,-2,3,380,"[-1, -2, 1, 1, 1, -2, -1, -1, -1]"
254,bnb_dfs,0.0002071857452392578,-1,2,83,"[-1, -1, 2, 2, 1, -2, 1, 2, 2]"
255,bnb_dfs,0.002577066421508789,-3,4,823,"[-1, -1, -1, 2, 1, 1, 2, 1, -2]"
256,bnb_dfs,9.584426879882812e-05,-3,3,36,"[-1, -1, 2, 1, 2, 1, -2, 1, 2]"
257,bnb_dfs,0.002755403518676758,-4,5,868,"[-1, -2, 1, 1, 2, 2, 2, -1, -2]"
258,bnb_dfs,0.0002415180206298828,-2,3,86,"[-1, -1, 2, -1, -2, -2, 1, 1, 1]"
259,bnb_dfs,0.0003705024719238281,-2,3,144,"[-1, -2, 1, 1, 2, 2, -1, 2, 2]"
260,bnb_dfs,9.036064147949219e-05,-1,2,37,"[-1, -1, 2, 1, 1, 2, 2, 2, 2]"
261,bnb_dfs,0.005645275115966797,-2,2,1576,"[-1, -1, 2, 2, 2, 1, -2, -2, 1]"
262,bnb_dfs,0.0014843940734863281,-4,5,450,"[-1, -2, 1, 1, 2, 2, 2, -1, -2]"
263,bnb_dfs,0.004601240158081055,0,1,1575,"[-1, -1, 2, 2, 2, 2, 2, 2, 2]"
264,bnb_dfs,0.0012242794036865234,-2,3,430,"[-1, -2, -1, 2, 2, 2, 1, -2, 1]"
265,bnb_dfs,0.00021004676818847656,-2,3,70,"[-1, -1, 2, 1, 2, 1, -2, 1, 2]"
266,bnb_dfs,0.0003960132598876953,-3,4,116,"[-1, -2, -1, -2, 1, 1, 2, 1, 2]"
267,bnb_dfs,0.0002276897430419922,-3,4,83,"[-1, -2, -1, -2, 1, 1, 2, 1, 2]"
268,bnb_dfs,0.000579833984375,-1,2,213,"[-1, -1, 2, 2, 2, 1, -2, 1, 2]"
269,bnb_dfs,0.0019736289978027344,-4,5,668,"[-1, -1, 2, 1, 2, 1, 1, -2, -1]"
270,bnb_dfs,0.005518674850463867,-2,3,1577,"[-1, -1, 2, 2, 1, -2, 1, 2, 2]"
271,bnb_dfs,0.0028905868530273438,-4,5,790,"[-1, -2, 1, 1, 1, 2, 2, -1, -2]"
272,bnb_dfs,0.0005488395690917969,-1,2,213,"[-1, -1, 2, 2, -1, -2, -2, -1, 2]"
273,bnb_dfs,0.0002944469451904297,-3,4,111,"[-1, -1, -1, 2, 1, 2, 1, -2, 1]"
274,bnb_dfs,0.002067089080810547,-4,5,635,"[-1, -2, -1, -2, 1, 1, 2, 1, 2]"
275,bnb_dfs,5.7220458984375e-05,-1,2,22,"[-1, -2, 1, 1, 2, 2, 2, 2, 2]"
276,bnb_dfs,0.005615234375,0,1,1575,"[-1, -1, 2, 2, 2, 2, 2, 2, 2]"
277,bnb_dfs,0.002252817153930664,-4,4,780,"[-1, -2, 1, 1, 2, 1, 2, -1, -1]"
278,bnb_dfs,0.00032210350036621094,-2,3,113,"[-1, -1, 2, 1, 1, 2, 1, -2, 1]"
279,bnb_dfs,0.004746437072753906,-2,3,1577,"[-1, -1, 2, 2, 2, 1, 1, -2, -1]"
280,bnb_dfs,0.00026106834411621094,-2,3,96,"[-1, -1, 2, 2, 1, -2, 1, 2, 2]"
281,bnb_dfs,0.0002589225769042969,-2,2,93,"[-1, -1, 2, 2, 2, 1, -2, -2, 1]"
282,bnb_dfs,0.004343748092651367,-2,3,1577,"[-1, -1, 2, 2, 1, -2, 1, 2, 2]"
283,bnb_dfs,0.0006933212280273438,-2,3,236,"[-1, -1, 2, 1, 2, -1, -1, -2, -1]"
284,bnb_dfs,0.0026235580444335938,-3,4,765,"[-1, -1, 2, 2, 2, -1, -2, -2, -2]"
285,bnb_dfs,0.0003209114074707031,-2,2,112,"[-1, -1, 2, 2, 1, -2, 1, 2, 2]"
286,bnb_dfs,0.0007994174957275391,-3,3,236,"[-1, -1, 2, 2, 2, 1, -2, -2, 1]"
287,bnb_dfs,0.005353450775146484,-2,3,1577,"[-1, -1, 2, 2, 2, 2, 1, -2, -2]"
288,bnb_dfs,0.0020568370819091797,-3,4,685,"[-1, -1, 2, -1, 2, -1, -2, -2, 1]"
289,bnb_dfs,0.0003364086151123047,-2,3,103,"[-1, -1, 2, 2, 1, -2, 1, 2, 2]"
290,bnb_dfs,0.0003571510314941406,-4,4,110,"[-1, -1, 2, 1, 1, 2, -1, -1, 2]"
291,bnb_dfs,0.0002880096435546875,-3,4,102,"[-1, -1, 2, 1, 1, 2, 1, -2, 1]"
292,bnb_dfs,0.0033338069915771484,-3,4,1259,"[-1, -2, -1, -2, 1, 1, 1, 2, -1]"
293,bnb_dfs,0.002894163131713867,-3,4,1087,"[-1, -2, 1, 1, 2, 2, 2, -1, -2]"
294,bnb_dfs,0.00010204315185546875,0,1,32,"[-1, -1, 2, 2, 2, 2, 2, 2, 2]"
295,bnb_dfs,0.0029740333557128906,-3,4,966,"[-1, -1, 2, -1, -2, -1, -2, 1, 1]"
296,bnb_dfs,0.0003032684326171875,-3,4,106,"[-1, -1, -1, 2, 1, 2, 1, -2, 1]"
297,bnb_dfs,0.0028808116912841797,-4,5,835,"[-1, -2, 1, 1, 2, 1, 2, -1, -1]"
298,bnb_dfs,4.124641418457031e-05,0,1,16,"[-1, -1, 2, 2, 2, 2, 2, 2, 2]"
299,bnb_dfs,8.487701416015625e-05,-2,2,30,"[-1, -1, 2, 2, 1, -2, 1, 2, 2]"
300,bnb_dfs,8.368492126464844e-05,-2,3,31,"[-1, -1, 2, 1, 1, 2, 2, 2, 2]"
301,bnb_dfs,0.0003612041473388672,-3,3,124,"[-1, -1, 2, 1, 2, -1, -1, -2, -1]"
302,bnb_dfs,0.0021805763244628906,-4,4,757,"[-1, -1, -1, 2, 1, 2, 1, -2, 1]"
303,bnb_dfs,0.003921031951904297,-3,4,1096,"[-1, -1, 2, 1, 2, 2, 1, -2, -2]"
304,bnb_dfs,0.0014929771423339844,-1,2,578,"[-1, -1, 2, 2, 2, 1, -2, -2, 1]"
305,bnb_dfs,0.0003914833068847656,-2,3,114,"[-1, -1, 2, 1, 2, 1, -2, 1, 2]"
306,bnb_dfs,0.0007648468017578125,-3,4,260,"[-1, -2, 1, 1, 2, 2, 1, -2, 1]"
307,bnb_dfs,0.0028765201568603516,-3,4,786,"[-1, -1, 2, 1, 2, 1, 1, -2, -1]"
308,bnb_dfs,0.0010118484497070312,-3,4,301,"[-1, -2, 1, 1, 1, 2, -1, 2, 2]"
309,bnb_dfs,0.00021409988403320312,-1,2,83,"[-1, -1, 2, 2, 1, -2, 1, 2, 2]"
310,bnb_dfs,0.0003211498260498047,-3,4,109,"[-1, -2, 1, 1, 1, 2, -1, 2, 2]"
311,bnb_dfs,0.0034999847412109375,-3,4,955,"[-1, -1, 2, 2, 2, 1, -2, -2, 1]"
312,bnb_dfs,0.00028252601623535156,-3,3,104,"[-1, -1, 2, -1, 2, 1, 1, -2, 1]"
313,bnb_dfs,0.0011622905731201172,-3,4,333,"[-1, -2, -1, -2, 1, 1, 2, 1, 2]"
314,bnb_dfs,0.004747867584228516,-2,3,1577,"[-1, -1, -1, 2, 1, 1, 2, 1, -2]"
315,bnb_dfs,0.0005519390106201172,-1,2,213,"[-1, -1, 2, 2, -1, -2, -2, -1, 2]"
316,bnb_dfs,0.00257110595703125,-4,5,709,"[-1, -1, 2, 1, 2, 2, 1, -2, -2]"
317,bnb_dfs,0.002576589584350586,-3,4,824,"[-1, -1, 2, 2, -1, -2, -1, -2, 1]"
318,bnb_dfs,0.00021696090698242188,-2,3,71,"[-1, -2, 1, 1, 2, 2, 2, 2, 2]"
319,bnb_dfs,0.0008943080902099609,-2,3,313,"[-1, -1, 2, 1, 2, 1, -2, 1, 2]"
320,bnb_dfs,0.002817869186401367,-3,4,919,"[-1, -1, 2, 2, -1, -1, -2, 1, -2]"
321,bnb_dfs,0.00012373924255371094,-3,4,45,"[-1, -2, 1, 1, 1, 2, -1, 2, 2]"
322,bnb_dfs,4.220008850097656e-05,-2,2,16,"[-1, -1, 2, 2, 1, -2, 1, 2, 2]"
323,bnb_dfs,0.004264354705810547,-2,3,1577,"[-1, -1, 2, 2, -1, -2, -1, -2, 1]"
324,bnb_dfs,0.0009729862213134766,-2,3,330,"[-1, -1, 2, -1, -1, -2, 1, -2, 1]"
325,bnb_dfs,0.0032324790954589844,-3,4,1117,"[-1, -2, 1, 1, 1, 2, -1, 2, -1]"
326,bnb_dfs,0.0028176307678222656,-4,4,805,"[-1, -1, 2, 2, 2, 1, -2, -2, 1]"
327,bnb_dfs,0.004087209701538086,0,1,1575,"[-1, -1, 2, 2, 2, 2, 2, 2, 2]"
328,bnb_dfs,0.002208232879638672,-3,4,726,"[-1, -1, 2, -1, -1, -2, -2, 1, 2]"
329,bnb_dfs,0.000339508056640625,-2,3,114,"[-1, -1, 2, 1, 2, 1, -2, 1, 2]"
330,bnb_dfs,0.0002498626708984375,-3,3,94,"[-1, -1, 2, 2, 1, -2, 1, 2, 2]"
331,bnb_dfs,0.0006606578826904297,-3,4,230,"[-1, -1, 2, -1, -2, -2, 1, 1, 1]"
332,bnb_dfs,0.0009770393371582031,-4,5,357,"[-1, -2, 1, -2, 1, 2, 1, 2, -1]"
333,bnb_dfs,0.004271030426025391,-2,3,1577,"[-1, -1, 2, 2, 1, 1, 1, -2, -1]"
334,bnb_dfs,0.0005240440368652344,-2,3,180,"[-1, -1, 2, 1, 2, -1, -1, -2, -1]"
335,bnb_dfs,0.0028333663940429688,-4,4,783,"[-1, -1, 2, 2, 1, -2, 1, 2, 2]"
336,bnb_dfs,0.0002315044403076172,-3,4,83,"[-1, -2, -1, -2, 1, 1, 2, 1, 2]"
337,bnb_dfs,0.002504587173461914,-3,4,808,"[-1, -1, -1, 2, 2, 1, 1, -2, -1]"
338,bnb_dfs,0.0008602142333984375,-4,5,305,"[-1, -2, 1, 1, 1, 2, 2, -1, -2]"
339,bnb_dfs,0.0016169548034667969,0,1,576,"[-1, -1, 2, 2, 2, 2, 2, 2, 2]"
340,bnb_dfs,8.797645568847656e-05,-2,2,30,"[-1, -1, 2, 2, 1, -2, 1, 2, 2]"
341,bnb_dfs,0.0001766681671142578,-2,3,67,"[-1, -2, -1, 2, 2, 1, 2, 2, 2]"
342,bnb_dfs,0.00028228759765625,-3,3,98,"[-1, -1, 2, 2, 1, -2, 1, 2, 2]"
343,bnb_dfs,0.004439115524291992,-3,4,1251,"[-1, -2, 1, 1, 1, 2, -1, 2, -1]"
344,bnb_dfs,0.004633903503417969,-2,3,1577,"[-1, -1, 2, 2, 1, 2, -1, -1, -2]"
345,bnb_dfs,0.0028913021087646484,-3,4,1087,"[-1, -2, 1, 1, 2, 2, 2, -1, -2]"
346,bnb_dfs,0.0008556842803955078,-3,4,278,"[-1, -1, 2, 1, 2, 1, -2, 1, 2]"
347,bnb_dfs,0.0032684803009033203,-3,4,941,"[-1, -1, 2, 2, -1, -1, -2, 1, -2]"
348,bnb_dfs,0.00017189979553222656,-2,3,63,"[-1, -1, 2, 1, 1, 1, -2, 1, 2]"
349,bnb_dfs,0.0018811225891113281,-1,2,578,"[-1, -1, 2, 2, 2, 1, -2, -2, 1]"
350,bnb_dfs,0.0001785755157470703,-3,4,64,"[-1, -2, 1, 1, 2, 2, -1, 2, 2]"
351,bnb_dfs,0.00018453598022460938,-2,3,62,"[-1, -1, 2, 1, 2, 1, -2, 1, 2]"
352,bnb_dfs,0.0025484561920166016,-3,4,809,"[-1, -1, 2, 1, 2, 1, 1, -2, -1]"
353,bnb_dfs,0.005631208419799805,-2,3,1577,"[-1, -1, 2, 2, 2, 1, -2, -2, 1]"
354,bnb_dfs,0.002887248992919922,-3,4,1041,"[-1, -2, 1, 1, 2, 2, 2, -1, -2]"
355,bnb_dfs,0.0002791881561279297,-3,4,96,"[-1, -2, 1, 1, 2, 2, 1, -2, 1]"
356,bnb_dfs,0.00042819976806640625,-3,4,123,"[-1, -2, 1, 1, 2, 2, -1, 2, 2]"
357,bnb_dfs,0.0009775161743164062,-3,3,355,"[-1, -1, 2, 1, 2, 2, 1, -2, -2]"
358,bnb_dfs,0.0008437633514404297,-3,3,238,"[-1, -1, 2, 2, 1, -2, 1, 2, 2]"
359,bnb_dfs,0.00208282470703125,-4,5,694,"[-1, -1, -1, 2, 2, 1, 1, -2, -1]"
360,bnb_dfs,9.965896606445312e-05,-1,2,37,"[-1, -1, 2, -1, -2, -1, 2, 2, 2]"
361,bnb_dfs,0.0027391910552978516,-3,4,887,"[-1, -1, 2, 1, 1, 2, 1, -2, -2]"
362,bnb_dfs,0.0015075206756591797,-4,5,450,"[-1, -1, 2, 1, 2, 1, 1, -2, -1]"
363,bnb_dfs,0.0009553432464599609,-2,3,378,"[-1, -2, 1, 1, 1, -2, -1, -1, -1]"
364,bnb_dfs,0.004067897796630859,-3,4,1243,"[-1, -2, 1, 1, 1, 2, 2, -1, -2]"
365,bnb_dfs,0.0002799034118652344,-1,2,83,"[-1, -1, 2, -1, -2, -1, 2, 2, 2]"
366,bnb_dfs,0.003337383270263672,-3,4,913,"[-1, -1, 2, -1, 2, -1, -2, -2, 1]"
367,bnb_dfs,0.001936197280883789,-1,2,578,"[-1, -1, 2, 2, 2, 2, 1, -2, 1]"
368,bnb_dfs,9.655952453613281e-05,-2,3,40,"[-1, -2, -2, 1, 2, 1, 2, 2, 2]"
369,bnb_dfs,0.0004322528839111328,-3,4,136,"[-1, -1, 2, 1, 1, 2, 1, -2, 1]"
370,bnb_dfs,0.0001087188720703125,-1,2,37,"[-1, -1, 2, 1, 2, 2, 2, 2, 2]"
371,bnb_dfs,0.00014781951904296875,-2,3,57,"[-1, -1, 2, 1, 2, 1, -2, 1, 2]"
372,bnb_dfs,0.0004050731658935547,-3,4,132,"[-1, -1, 2, 2, 1, -2, 1, 2, 2]"
373,bnb_dfs,0.0002002716064453125,0,1,79,"[-1, -1, 2, 2, 2, 2, 2, 2, 2]"
374,bnb_dfs,0.002316713333129883,-4,4,664,"[-1, -1, 2, 2, 2, 1, -2, -2, 1]"
375,bnb_dfs,0.00041222572326660156,-2,3,127,"[-1, -1, 2, 2, 1, -2, 1, 2, 2]"
376,bnb_dfs,0.005270719528198242,-2,3,1577,"[-1, -1, 2, 2, 2, -1, -2, -2, -2]"
377,bnb_dfs,0.0002498626708984375,-2,3,86,"[-1, -1, 2, -1, -2, -2, 1, 1, 1]"
378,bnb_dfs,0.00429224967956543,-1,2,1576,"[-1, -1, 2, 2, 2, 2, 1, -2, -2]"
379,bnb_dfs,0.0019528865814208984,-3,3,608,"[-1, -1, 2, 2, -1, -2, -1, -2, 1]"
380,bnb_dfs,0.0029528141021728516,-3,4,958,"[-1, -1, 2, -1, -1, -1, -2, 1, 1]"
381,bnb_dfs,0.0009555816650390625,-2,3,315,"[-1, -1, 2, 2, 1, -2, 1, 2, 2]"
382,bnb_dfs,0.0005974769592285156,0,1,210,"[-1, -1, 2, 2, 2, 2, 2, 2, 2]"
383,bnb_dfs,0.0003879070281982422,-3,4,118,"[-1, -1, 2, 2, 1, -2, 1, 2, 2]"
384,bnb_dfs,0.0034646987915039062,-3,4,981,"[-1, -1, 2, 2, 2, 1, -2, -2, 1]"
385,bnb_dfs,0.0002799034118652344,-2,3,93,"[-1, -1, 2, 1, 2, 1, -2, 1, 2]"
386,bnb_dfs,0.0041768550872802734,-1,2,1576,"[-1, -1, 2, 2, 2, 2, 1, -2, -2]"
387,bnb_dfs,0.0006268024444580078,-2,2,237,"[-1, -1, 2, 2, 2, 1, -2, -2, 1]"
388,bnb_dfs,0.004178285598754883,-2,3,1577,"[-1, -1, 2, 1, 2, 2, 1, -2, -2]"
389,bnb_dfs,0.0009918212890625,-2,3,299,"[-1, -1, 2, -1, -2, -2, 1, 1, 1]"
390,bnb_dfs,0.0009343624114990234,-3,3,267,"[-1, -1, 2, 2, 1, -2, 1, 2, 2]"
391,bnb_dfs,0.0014426708221435547,0,1,576,"[-1, -1, 2, 2, 2, 2, 2, 2, 2]"
392,bnb_dfs,0.0022237300872802734,-3,3,786,"[-1, -1, 2, 2, 2, 1, -2, -2, 1]"
393,bnb_dfs,0.00020051002502441406,0,1,79,"[-1, -1, 2, 2, 2, 2, 2, 2, 2]"
394,bnb_dfs,0.0014421939849853516,-1,2,578,"[-1, -1, 2, 2, 2, 1, -2, -2, 1]"
395,bnb_dfs,0.00025844573974609375,-1,2,83,"[-1, -1, 2, 2, 1, -2, 1, 2, 2]"
396,bnb_dfs,0.0052411556243896484,-1,2,1576,"[-1, -1, 2, 2, 2, -1, -2, -2, -2]"
397,bnb_dfs,0.00570225715637207,-1,2,1576,"[-1, -1, 2, 2, 2, 2, 1, -2, 1]"
398,bnb_dfs,0.004103422164916992,-2,3,1577,"[-1, -2, 1, 1, 2, 2, 2, -1, -2]"
399,bnb_dfs,0.00020384788513183594,0,1,79,"[-1, -1, 2, 2, 2, 2, 2, 2, 2]"
400,bnb_dfs,0.002508878707885742,-3,4,808,"[-1, -1, -1, 2, 2, 1, 1, -2, -1]"
401,bnb_dfs,0.0001590251922607422,-3,4,49,"[-1, -1, 2, 1, 2, 2, -1, -2, -1]"
402,bnb_dfs,0.0045511722564697266,-2,3,1577,"[-1, -1, 2, 2, -1, -2, -2, -2, 1]"
403,bnb_dfs,0.00427699089050293,-2,3,1577,"[-1, -1, -1, 2, 1, 1, 2, 1, -2]"
404,bnb_dfs,0.00017571449279785156,-3,3,57,"[-1, -1, 2, 1, 2, 1, -2, 1, 2]"
405,bnb_dfs,0.00023221969604492188,-2,2,90,"[-1, -1, 2, 2, 2, 1, -2, -2, 1]"
406,bnb_dfs,0.001444101333618164,-3,3,505,"[-1, -1, 2, 2, -1, -2, -1, -2, 1]"
407,bnb_dfs,2.2649765014648438e-05,0,1,10,"[-1, -1, 2, 2, 2, 2, 2, 2, 2]"
408,bnb_dfs,0.0028023719787597656,-3,3,824,"[-1, -1, 2, 2, 2, 1, -2, -2, 1]"
409,bnb_dfs,0.0033121109008789062,-3,4,1218,"[-1, -2, -1, -2, 1, 1, 1, 2, -1]"
410,bnb_dfs,0.0008635520935058594,-3,3,255,"[-1, -1, 2, 2, 2, 1, -2, -2, 1]"
411,bnb_dfs,0.0029778480529785156,-3,3,857,"[-1, -1, 2, 2, 2, 1, -2, -2, 1]"
412,bnb_dfs,0.00018906593322753906,-3,3,60,"[-1, -1, 2, 1, 2, 1, -2, 1, 2]"
413,bnb_dfs,0.0004055500030517578,-3,4,123,"[-1, -2, 1, 1, 2, 2, -1, 2, 2]"
414,bnb_dfs,0.0008938312530517578,-3,4,253,"[-1, -1, 2, 2, 1, -2, 1, 2, 2]"
415,bnb_dfs,0.002541065216064453,-3,4,853,"[-1, -1, 2, 1, 2, 2, 1, -2, -2]"
416,bnb_dfs,0.0010750293731689453,-2,3,322,"[-1, -1, 2, 1, 2, 1, -2, 1, 2]"
417,bnb_dfs,0.002591371536254883,-4,4,751,"[-1, -1, 2, 2, 2, 1, -2, -2, 1]"
418,bnb_dfs,0.0008370876312255859,-3,4,278,"[-1, -1, 2, 1, 1, 2, -1, -1, 2]"
419,bnb_dfs,5.9604644775390625e-05,-1,2,22,"[-1, -1, 2, 1, 2, 2, 2, 2, 2]"
420,bnb_dfs,0.0019021034240722656,-4,4,657,"[-1, -1, 2, -1, 2, 1, 1, -2, 1]"
421,bnb_dfs,0.004196643829345703,-2,3,1577,"[-1, -1, 2, 1, 2, 2, 1, -2, -2]"
422,bnb_dfs,0.002920866012573242,-4,5,843,"[-1, -2, 1, 1, 2, 2, 1, -2, -2]"
423,bnb_dfs,0.005894899368286133,-2,3,1577,"[-1, -1, 2, 2, 1, -2, 1, 2, 2]"
424,bnb_dfs,0.00026226043701171875,-2,2,93,"[-1, -1, 2, 2, 2, 1, -2, -2, 1]"
425,bnb_dfs,0.004157066345214844,-2,3,1577,"[-1, -1, 2, 1, 1, 2, 1, -2, -2]"
426,bnb_dfs,0.0021142959594726562,-3,4,671,"[-1, -1, 2, 1, 2, 1, 1, -2, -1]"
427,bnb_dfs,0.005808591842651367,-2,3,1577,"[-1, -1, -1, 2, 2, 1, 1, -2, -1]"
428,bnb_dfs,0.0024406909942626953,-3,4,690,"[-1, -1, 2, 2, 1, -2, 1, 1, -2]"
429,bnb_dfs,0.0009055137634277344,-3,4,254,"[-1, -1, 2, 2, 1, -2, 1, 2, 2]"
430,bnb_dfs,0.005308389663696289,-2,3,1577,"[-1, -1, 2, 2, 2, 1, -2, -2, 1]"
431,bnb_dfs,0.0006895065307617188,-2,3,236,"[-1, -1, 2, 2, -1, -1, -2, 1, -2]"
432,bnb_dfs,0.00020432472229003906,-1,2,83,"[-1, -1, 2, 2, 1, -2, 1, 2, 2]"
433,bnb_dfs,0.002420663833618164,-4,5,823,"[-1, -2, 1, 1, 2, 1, 2, -1, -1]"
434,bnb_dfs,0.002692699432373047,-3,4,853,"[-1, -1, 2, 1, 2, 2, 1, -2, -2]"
435,bnb_dfs,0.001983642578125,-4,5,668,"[-1, -1, 2, 1, 2, 1, 1, -2, -1]"
436,bnb_dfs,0.0002529621124267578,0,1,79,"[-1, -1, 2, 2, 2, 2, 2, 2, 2]"
437,bnb_dfs,0.00015306472778320312,-2,3,57,"[-1, -1, 2, 1, 2, 1, -2, 1, 2]"
438,bnb_dfs,0.0006616115570068359,-4,5,235,"[-1, -1, 2, 1, 2, 1, 1, -2, -1]"
439,bnb_dfs,5.221366882324219e-05,-1,2,22,"[-1, -1, 2, 1, 2, 2, 2, 2, 2]"
440,bnb_dfs,0.002722024917602539,-3,4,857,"[-1, -1, 2, 2, -1, -2, -1, -2, 1]"
441,bnb_dfs,0.0012111663818359375,-2,3,430,"[-1, -2, -1, 2, 2, 2, 1, -2, 1]"
442,bnb_dfs,0.00046896934509277344,-2,3,180,"[-1, -1, 2, -1, -2, -1, -2, 1, 1]"
443,bnb_dfs,0.0005986690521240234,-4,5,208,"[-1, -1, 2, 1, 2, 1, 1, -2, -1]"
444,bnb_dfs,0.00017833709716796875,-2,3,57,"[-1, -1, 2, 1, 1, 2, 2, 2, 2]"
445,bnb_dfs,0.0006315708160400391,-2,3,213,"[-1, -1, 2, -1, -2, -1, -2, 1, 1]"
446,bnb_dfs,0.0004858970642089844,-2,3,139,"[-1, -1, 2, 2, 1, -2, 1, 2, 2]"
447,bnb_dfs,0.000385284423828125,-2,3,127,"[-1, -1, 2, 2, 1, -2, 1, 2, 2]"
448,bnb_dfs,0.0005543231964111328,-4,4,160,"[-1, -1, 2, 2, 1, -2, 1, 2, 2]"
449,bnb_dfs,0.005258083343505859,-2,3,1577,"[-1, -1, 2, -1, 2, -1, -2, -2, 1]"
450,bnb_dfs,0.002355337142944336,-4,5,768,"[-1, -2, 1, 1, 1, 2, 2, -1, -2]"
451,bnb_dfs,5.626678466796875e-05,-2,2,19,"[-1, -1, 2, 2, 2, 1, -2, -2, 1]"
452,bnb_dfs,0.0018537044525146484,-4,5,611,"[-1, -2, 1, 1, 2, 1, -2, -2, -1]"
453,bnb_dfs,0.0020215511322021484,-3,4,640,"[-1, -1, 2, 1, 2, 1, 1, -2, -1]"
454,bnb_dfs,5.9604644775390625e-05,-1,2,22,"[-1, -1, 2, 1, 2, 2, 2, 2, 2]"
455,bnb_dfs,0.00013256072998046875,-2,2,46,"[-1, -1, 2, 2, 1, -2, 1, 2, 2]"
456,bnb_dfs,0.0012900829315185547,-4,5,390,"[-1, -1, -1, 2, 1, 1, 2, 1, -2]"
457,bnb_dfs,0.004286766052246094,-2,3,1577,"[-1, -1, 2, 2, 1, -2, 1, 2, 2]"
458,bnb_dfs,0.0011470317840576172,-2,3,321,"[-1, -1, 2, 2, 2, 1, -2, -2, 1]"
459,bnb_dfs,0.004081249237060547,-1,2,1576,"[-1, -1, 2, 2, 2, -1, -2, -2, -2]"
460,bnb_dfs,0.0005376338958740234,-3,4,168,"[-1, -2, 1, 1, 2, 2, 1, -2, 1]"
461,bnb_dfs,0.0009496212005615234,-4,5,344,"[-1, -2, 1, 1, -2, -1, -2, -1, 2]"
462,bnb_dfs,0.004288196563720703,-2,3,1577,"[-1, -1, 2, 2, -1, -2, -1, -2, 1]"
463,bnb_dfs,0.004342079162597656,-2,3,1577,"[-1, -1, -1, 2, 1, 1, 2, 1, -2]"
464,bnb_dfs,0.0020020008087158203,-4,5,671,"[-1, -2, -1, -2, 1, 1, 2, 1, 2]"
465,bnb_dfs,0.0014348030090332031,0,1,576,"[-1, -1, 2, 2, 2, 2, 2, 2, 2]"
466,bnb_dfs,0.0008234977722167969,-3,4,246,"[-1, -1, 2, 1, 2, 1, -2, 1, 2]"
467,bnb_dfs,0.004603147506713867,-2,3,1577,"[-1, -1, 2, 2, 1, 2, -1, -1, -2]"
468,bnb_dfs,0.0010001659393310547,-2,3,324,"[-1, -1, 2, -1, -2, -1, -2, 1, 1]"
469,bnb_dfs,0.00019550323486328125,-3,4,71,"[-1, -2, 1, 1, 2, 2, 1, -2, 1]"
470,bnb_dfs,0.002661466598510742,-4,5,732,"[-1, -1, 2, -1, -2, -2, 1, 1, 1]"
471,bnb_dfs,0.00028705596923828125,-2,3,93,"[-1, -1, 2, 1, 2, 1, -2, 1, 2]"
472,bnb_dfs,0.001920938491821289,-3,4,601,"[-1, -1, 2, -1, -2, -2, 1, -2, -1]"
473,bnb_dfs,0.0015482902526855469,-1,2,578,"[-1, -1, 2, 2, 2, 2, 1, -2, 1]"
474,bnb_dfs,0.0019118785858154297,-4,4,657,"[-1, -1, 2, -1, 2, 1, 1, -2, 1]"
475,bnb_dfs,0.004357576370239258,-2,3,1577,"[-1, -1, 2, 2, 2, 1, 1, -2, -1]"
476,bnb_dfs,0.0046291351318359375,-2,3,1577,"[-1, -1, 2, 2, -1, -2, -2, -2, 1]"
477,bnb_dfs,0.005320072174072266,-1,2,1576,"[-1, -1, 2, 2, 2, 2, 1, -2, 1]"
478,bnb_dfs,0.0033774375915527344,-3,4,963,"[-1, -1, 2, 1, 2, 2, 1, -2, -2]"
479,bnb_dfs,0.0001575946807861328,-2,3,50,"[-1, -1, 2, 1, 1, 2, 2, 2, 2]"
480,bnb_dfs,0.0014505386352539062,-2,3,462,"[-1, -2, 1, 1, 2, 2, -1, 2, 2]"
481,bnb_dfs,0.00015878677368164062,-3,4,57,"[-1, -1, -1, 2, 1, 2, 1, -2, 1]"
482,bnb_dfs,8.344650268554688e-05,-2,3,34,"[-1, -2, 1, 1, 2, 2, 2, 2, 2]"
483,bnb_dfs,0.002206563949584961,-4,5,660,"[-1, -1, 2, 1, 2, 1, -2, 1, -2]"
484,bnb_dfs,8.177757263183594e-05,0,1,32,"[-1, -1, 2, 2, 2, 2, 2, 2, 2]"
485,bnb_dfs,0.0002772808074951172,-2,3,80,"[-1, -2, -2, 1, 2, 1, 2, 2, 2]"
486,bnb_dfs,0.001621246337890625,0,1,576,"[-1, -1, 2, 2, 2, 2, 2, 2, 2]"
487,bnb_dfs,0.004206180572509766,-2,3,1577,"[-1, -1, 2, 1, 2, 2, 1, -2, -2]"
488,bnb_dfs,0.00023508071899414062,-3,4,81,"[-1, -2, 1, 1, 2, 2, -1, 2, 2]"
489,bnb_dfs,0.00429081916809082,-2,3,1577,"[-1, -1, 2, 2, -1, -2, -1, -2, 1]"
490,bnb_dfs,0.0011146068572998047,-2,3,330,"[-1, -1, 2, -1, -1, -2, 1, -2, 1]"
491,bnb_dfs,0.00421452522277832,-2,3,1577,"[-1, -1, 2, -1, 2, -1, -2, -2, 1]"
492,bnb_dfs,0.005701780319213867,-2,3,1577,"[-1, -1, 2, 2, 1, 2, -1, -1, -2]"
493,bnb_dfs,0.0004627704620361328,-2,3,173,"[-1, -1, 2, 1, 1, 2, 1, -2, 1]"
494,bnb_dfs,2.574920654296875e-05,0,1,11,"[-1, -1, 2, 2, 2, 2, 2, 2, 2]"
495,bnb_dfs,0.0022902488708496094,-3,4,790,"[-1, -1, 2, 1, 2, 2, 1, -2, -2]"
496,bnb_dfs,0.005238056182861328,-2,3,1577,"[-1, -1, 2, 2, 2, 1, -2, -2, 1]"
497,bnb_dfs,0.0003254413604736328,-3,4,109,"[-1, -2, 1, 1, 1, 2, -1, 2, 2]"
498,bnb_dfs,0.0018572807312011719,-1,2,578,"[-1, -1, 2, 2, 2, 1, -2, -2, 1]"
499,bnb_dfs,0.0008633136749267578,-2,3,280,"[-1, -1, 2, 2, 2, 1, -2, -2, 1]"
500,bnb_dfs,0.0007386207580566406,-1,2,213,"[-1, -1, 2, 2, 1, -2, 1, 2, 2]"
501,bnb_dfs,8.487701416015625e-05,-2,3,31,"[-1, -1, 2, 1, 1, 2, 2, 2, 2]"
502,bnb_dfs,0.0020093917846679688,-4,4,705,"[-1, -1, 2, 1, 2, 2, 1, -2, -2]"
503,bnb_dfs,0.0010457038879394531,-4,5,367,"[-1, -1, 2, 1, 2, 1, -2, 1, -2]"
504,bnb_dfs,0.0015115737915039062,-1,2,578,"[-1, -1, 2, 2, 2, 2, 1, -2, 1]"
505,bnb_dfs,0.0004286766052246094,-2,3,170,"[-1, -2, -1, -2, 1, 1, 2, 1, 2]"
506,bnb_dfs,0.003977775573730469,-3,4,1243,"[-1, -2, 1, 1, 1, -2, -1, -1, -1]"
507,bnb_dfs,0.0041887760162353516,-2,3,1577,"[-1, -1, 2, -1, 2, -1, -2, -2, 1]"
508,bnb_dfs,0.005269050598144531,-1,2,1576,"[-1, -1, 2, 2, 2, 1, -2, -2, 1]"
509,bnb_dfs,0.001428842544555664,-2,3,458,"[-1, -2, 1, 1, 2, 2, -1, 2, 2]"
510,bnb_dfs,0.002775430679321289,-4,5,876,"[-1, -2, 1, 1, 2, 2, 2, -1, -2]"
511,bnb_dfs,0.0004892349243164062,-4,4,145,"[-1, -1, 2, 2, 1, -2, 1, 2, 2]"
512,bnb_dfs,0.0008423328399658203,-2,3,302,"[-1, -1, 2, -1, -2, -2, 1, 1, 1]"
513,bnb_dfs,0.00010347366333007812,-2,3,36,"[-1, -2, 1, 1, 2, 2, 2, 2, 2]"
514,bnb_dfs,5.4836273193359375e-05,-1,2,22,"[-1, -1, 2, 1, 2, 2, 2, 2, 2]"
515,bnb_dfs,0.0019114017486572266,-4,5,635,"[-1, -2, -1, -2, 1, 1, 2, 1, 2]"
516,bnb_dfs,0.004719257354736328,-3,4,1325,"[-1, -2, -1, -1, -2, 1, 1, 1, 2]"
517,bnb_dfs,0.0001938343048095703,-3,4,63,"[-1, -2, 1, 1, 2, 2, -1, 2, 2]"
518,bnb_dfs,0.0005309581756591797,0,1,210,"[-1, -1, 2, 2, 2, 2, 2, 2, 2]"
519,bnb_dfs,0.0007674694061279297,-4,5,256,"[-1, -1, 2, 1, 2, 1, 1, -2, -1]"
520,bnb_dfs,0.0030198097229003906,-3,4,823,"[-1, -1, 2, -1, 2, -1, -2, -2, 1]"
521,bnb_dfs,0.0008325576782226562,-3,4,278,"[-1, -1, 2, -1, -2, -2, 1, 1, 1]"
522,bnb_dfs,0.00028586387634277344,-1,2,83,"[-1, -1, 2, 2, 1, -2, 1, 2, 2]"
523,bnb_dfs,0.0002512931823730469,-3,3,94,"[-1, -1, 2, 2, 1, -2, 1, 2, 2]"
524,bnb_dfs,0.002940654754638672,-4,5,803,"[-1, -2, 1, 1, 1, 2, 2, -1, -2]"
525,bnb_dfs,0.0014386177062988281,-3,4,488,"[-1, -1, 2, -1, -2, -2, -2, 1, 2]"
526,bnb_dfs,0.002221822738647461,-4,4,716,"[-1, -1, 2, 1, 2, 2, 1, -2, -2]"
527,bnb_dfs,0.0020935535430908203,-4,5,645,"[-1, -2, 1, 1, 2, 2, 2, -1, -2]"
528,bnb_dfs,0.0014374256134033203,-3,4,436,"[-1, -1, 2, 1, 1, 1, 1, -2, -1]"
529,bnb_dfs,0.002602100372314453,-4,5,822,"[-1, -1, 2, 1, 2, 2, 1, -2, -2]"
530,bnb_dfs,0.003574848175048828,-4,5,966,"[-1, -2, -1, -2, 1, 1, 2, 1, 2]"
531,bnb_dfs,0.005350589752197266,-2,3,1577,"[-1, -1, -1, 2, 1, 2, 1, -2, 1]"
532,bnb_dfs,0.0017251968383789062,-3,4,571,"[-1, -1, 2, 1, 2, 1, -2, 1, -2]"
533,bnb_dfs,0.0004086494445800781,-3,4,144,"[-1, -2, 1, 1, 2, 2, 1, -2, 1]"
534,bnb_dfs,0.0014500617980957031,-4,5,463,"[-1, -2, 1, -2, 1, 2, 2, 2, -1]"
535,bnb_dfs,0.002852201461791992,-4,5,777,"[-1, -2, -1, -2, -2, 1, 2, 1, 2]"
536,bnb_dfs,0.0009639263153076172,-2,3,270,"[-1, -1, 2, 2, 1, -2, 1, 2, 2]"
537,bnb_dfs,0.004099130630493164,-2,3,1577,"[-1, -2, 1, 1, 2, 2, 2, -1, -2]"
538,bnb_dfs,0.0008299350738525391,-3,3,305,"[-1, -1, 2, 1, 2, 2, 1, -2, -2]"
539,bnb_dfs,0.0006668567657470703,-3,4,242,"[-1, -1, 2, 1, 2, 1, -2, 1, 2]"
540,bnb_dfs,0.0020401477813720703,-4,5,687,"[-1, -1, 2, 1, 2, 1, 1, -2, -1]"
541,bnb_dfs,0.0007920265197753906,-3,3,235,"[-1, -1, 2, -1, 2, 1, 1, -2, 1]"
542,bnb_dfs,0.0014538764953613281,0,1,576,"[-1, -1, 2, 2, 2, 2, 2, 2, 2]"
543,bnb_dfs,0.00038695335388183594,-3,4,117,"[-1, -2, -1, -2, 1, 1, 2, 1, 2]"
544,bnb_dfs,0.00023484230041503906,-2,3,71,"[-1, -2, 1, 1, 2, 2, 2, 2, 2]"
545,bnb_dfs,0.0027976036071777344,-4,5,759,"[-1, -1, 2, 1, 2, 2, 1, -2, -2]"
546,bnb_dfs,0.004186391830444336,0,1,1575,"[-1, -1, 2, 2, 2, 2, 2, 2, 2]"
547,bnb_dfs,0.005686283111572266,-2,3,1577,"[-1, -1, 2, 2, 2, 1, -2, -2, 1]"
548,bnb_dfs,0.002582073211669922,-4,5,750,"[-1, -2, 1, 1, 1, 2, -1, 2, -1]"
549,bnb_dfs,0.0006310939788818359,-2,3,219,"[-1, -1, 2, 2, 2, 1, -2, -2, 1]"
550,bnb_dfs,0.0033042430877685547,-3,4,898,"[-1, -1, 2, 1, 2, 1, 1, -2, -1]"
551,bnb_dfs,0.002839803695678711,-4,5,884,"[-1, -2, -1, -2, 1, 1, 1, 2, -1]"
552,bnb_dfs,0.001043558120727539,-3,4,309,"[-1, -2, 1, 1, 1, 2, -1, 2, 2]"
553,bnb_dfs,0.003080129623413086,-3,3,873,"[-1, -1, 2, 2, 2, 1, -2, -2, 1]"
554,bnb_dfs,0.0006392002105712891,-3,4,210,"[-1, -2, 1, 1, 2, 2, 1, -2, 1]"
555,bnb_dfs,0.0009124279022216797,-2,3,264,"[-1, -1, 2, 2, 1, -2, 1, 2, 2]"
556,bnb_dfs,0.002699136734008789,-3,3,896,"[-1, -1, 2, 2, 2, 1, -2, -2, 1]"
557,bnb_dfs,0.0006849765777587891,-3,3,249,"[-1, -1, 2, 2, 2, 1, -2, -2, 1]"
558,bnb_dfs,0.0022873878479003906,-4,4,648,"[-1, -1, 2, 2, 1, -2, 1, 1, -2]"
559,bnb_dfs,0.00091552734375,-4,5,307,"[-1, -1, -1, 2, 1, 1, 2, 1, -2]"
560,bnb_dfs,0.0036182403564453125,-3,4,985,"[-1, -1, 2, -1, -2, -1, -2, 1, 1]"
561,bnb_dfs,0.0054852962493896484,-2,3,1577,"[-1, -1, 2, 2, 1, -2, 1, 2, 2]"
562,bnb_dfs,0.0008411407470703125,-3,4,282,"[-1, -1, 2, 1, 2, 1, 1, -2, -1]"
563,bnb_dfs,0.000377655029296875,-2,3,144,"[-1, -2, 1, 1, 2, 2, -1, 2, 2]"
564,bnb_dfs,2.0742416381835938e-05,0,1,10,"[-1, -1, 2, 2, 2, 2, 2, 2, 2]"
565,bnb_dfs,0.0017142295837402344,-3,4,579,"[-1, -1, 2, 1, 1, 1, -2, -2, -1]"
566,bnb_dfs,0.004611015319824219,0,1,1575,"[-1, -1, 2, 2, 2, 2, 2, 2, 2]"
567,bnb_dfs,0.0009992122650146484,-4,5,308,"[-1, -1, 2, 2, 1, -2, 1, 1, -2]"
568,bnb_dfs,0.0008592605590820312,-3,4,258,"[-1, -1, -1, 2, 2, 1, -2, 1, 2]"
569,bnb_dfs,9.5367431640625e-05,-2,3,36,"[-1, -1, 2, 1, 2, 1, -2, 1, 2]"
570,bnb_dfs,0.004156351089477539,-2,3,1577,"[-1, -1, 2, -1, -2, -1, -2, 1, 1]"
571,bnb_dfs,0.0002560615539550781,-2,3,96,"[-1, -1, 2, 2, 1, -2, 1, 2, 2]"
572,bnb_dfs,0.005283832550048828,-1,2,1576,"[-1, -1, 2, 2, 2, 2, 1, -2, -2]"
573,bnb_dfs,0.003844738006591797,-3,4,1042,"[-1, -1, 2, -1, 2, -1, -2, -2, 1]"
574,bnb_dfs,0.0003495216369628906,-3,4,131,"[-1, -1, -1, 2, 1, 2, 1, -2, 1]"
575,bnb_dfs,0.0010852813720703125,-4,5,335,"[-1, -1, 2, 1, 2, 1, 1, -2, -1]"
576,bnb_dfs,0.0030717849731445312,-4,5,808,"[-1, -1, 2, 1, 2, -1, -1, -2, -2]"
577,bnb_dfs,0.0022995471954345703,-4,5,754,"[-1, -2, 1, 1, 1, 2, 2, -1, -2]"
578,bnb_dfs,0.0024271011352539062,-3,4,824,"[-1, -1, 2, 1, 2, -1, -1, -2, -2]"
579,bnb_dfs,0.0025358200073242188,-3,4,708,"[-1, -1, 2, 2, 1, -2, 1, 1, -2]"
580,bnb_dfs,0.0003008842468261719,-3,3,110,"[-1, -1, 2, -1, 2, 1, 1, -2, 1]"
581,bnb_dfs,0.0023741722106933594,-3,4,787,"[-1, -1, 2, -1, 2, -1, -2, -2, 1]"
582,bnb_dfs,0.0014529228210449219,-1,2,578,"[-1, -1, 2, 2, 2, 1, -2, -2, 1]"
583,bnb_dfs,0.005659580230712891,-2,2,1576,"[-1, -1, 2, 2, 2, 1, -2, -2, 1]"
584,bnb_dfs,0.0002620220184326172,-1,2,83,"[-1, -1, 2, -1, -2, -1, 2, 2, 2]"
585,bnb_dfs,0.005369901657104492,-2,3,1577,"[-1, -1, 2, 2, 2, 2, 1, -2, -2]"
586,bnb_dfs,0.002897977828979492,-3,4,914,"[-1, -1, 2, 1, 2, 1, 1, -2, -1]"
587,bnb_dfs,0.0016574859619140625,-4,5,555,"[-1, -2, -1, -2, 1, 1, 2, 1, 2]"
588,bnb_dfs,0.00031638145446777344,-3,4,113,"[-1, -2, 1, -2, 1, 2, 2, 2, 2]"
589,bnb_dfs,4.029273986816406e-05,-1,2,18,"[-1, -2, 1, 1, 2, 2, 2, 2, 2]"
590,bnb_dfs,0.00037169456481933594,-2,3,120,"[-1, -1, 2, 2, 1, -2, 1, 2, 2]"
591,bnb_dfs,0.0002295970916748047,-3,4,81,"[-1, -2, 1, 1, 2, 2, -1, 2, 2]"
592,bnb_dfs,0.0005693435668945312,-4,5,193,"[-1, -2, 1, 1, 2, 2, -1, -1, 2]"
593,bnb_dfs,0.0016276836395263672,-4,5,505,"[-1, -2, -1, -2, -2, 1, 2, 1, 2]"
594,bnb_dfs,4.220008850097656e-05,-2,2,16,"[-1, -1, 2, 2, 1, -2, 1, 2, 2]"
595,bnb_dfs,0.002915620803833008,-3,4,918,"[-1, -1, 2, 2, 1, -2, 1, 2, 2]"
596,bnb_dfs,0.0027108192443847656,-3,4,1023,"[-1, -2, 1, 1, 1, 2, 2, -1, -2]"
597,bnb_dfs,0.005795001983642578,-1,2,1576,"[-1, -1, 2, 2, 2, 2, 2, 1, -2]"
598,bnb_dfs,0.0028586387634277344,-3,4,940,"[-1, -1, 2, 1, 2, 2, 1, -2, -2]"
599,bnb_dfs,0.0004429817199707031,-2,3,128,"[-1, -1, 2, 2, -1, -2, -2, -1, 2]"
600,bnb_dfs,0.0013751983642578125,-3,4,469,"[-1, -1, 2, -1, -1, -2, -2, 1, 2]"
601,bnb_dfs,0.0014383792877197266,-3,4,518,"[-1, -1, 2, 1, 2, 1, 1, -2, -1]"
602,bnb_dfs,0.004511117935180664,-3,4,1337,"[-1, -2, -1, -2, 1, 1, 1, 2, -1]"
603,bnb_dfs,0.0034699440002441406,-3,4,1322,"[-1, -2, -2, 1, 1, 1, 2, -1, -1]"
604,bnb_dfs,0.0041544437408447266,-2,3,1577,"[-1, -1, 2, -1, -2, -1, -2, 1, 1]"
605,bnb_dfs,0.0006563663482666016,-3,4,210,"[-1, -2, 1, 1, 2, 2, 1, -2, 1]"
606,bnb_dfs,0.0006206035614013672,-2,3,206,"[-1, -1, 2, 1, 1, 2, 1, -2, 1]"
607,bnb_dfs,0.0032138824462890625,-3,4,989,"[-1, -1, 2, -1, -2, -1, -2, 1, 1]"
608,bnb_dfs,0.001950979232788086,-3,4,615,"[-1, -1, 2, 2, -1, -2, -1, -2, 1]"
609,bnb_dfs,0.0003714561462402344,-2,3,144,"[-1, -2, 1, 1, 2, 2, -1, 2, 2]"
610,bnb_dfs,0.003170013427734375,-3,4,1013,"[-1, -1, 2, 1, 2, 2, 1, -2, -2]"
611,bnb_dfs,0.0026128292083740234,-4,5,962,"[-1, -2, 1, -2, 1, 2, 1, 2, -1]"
612,bnb_dfs,4.172325134277344e-05,0,1,16,"[-1, -1, 2, 2, 2, 2, 2, 2, 2]"
613,bnb_dfs,0.0008373260498046875,-3,4,302,"[-1, -1, 2, -1, -1, -2, -2, 1, 2]"
614,bnb_dfs,0.005743741989135742,-2,3,1577,"[-1, -1, 2, 2, 2, 2, 1, -2, -2]"
615,bnb_dfs,0.003103494644165039,-4,5,860,"[-1, -2, 1, 1, 2, 2, 2, -1, -2]"
616,bnb_dfs,0.0006189346313476562,-1,2,213,"[-1, -1, 2, 2, 2, 1, -2, 1, 2]"
617,bnb_dfs,0.0020647048950195312,-3,4,685,"[-1, -1, 2, -1, 2, -1, -2, -2, 1]"
618,bnb_dfs,0.00480341911315918,-2,3,1577,"[-1, -1, 2, 2, 2, 1, 1, -2, -1]"
619,bnb_dfs,0.0007634162902832031,-1,2,213,"[-1, -1, 2, 2, 2, 1, -2, 1, 2]"
620,bnb_dfs,0.00016069412231445312,-2,3,57,"[-1, -1, 2, 1, 2, 1, -2, 1, 2]"
621,bnb_dfs,0.0006175041198730469,-3,3,236,"[-1, -2, 1, 1, 2, 2, -1, -1, 2]"
622,bnb_dfs,0.005621671676635742,-2,3,1577,"[-1, -1, 2, 2, 1, 1, -2, 1, -2]"
623,bnb_dfs,0.0003173351287841797,-3,4,112,"[-1, -2, 1, 1, -2, -1, -1, -1, 2]"
624,bnb_dfs,0.003573894500732422,-4,5,970,"[-1, -2, 1, 1, 2, 2, 2, -1, -2]"
625,bnb_dfs,0.002874135971069336,-4,5,897,"[-1, -2, -1, -2, 1, 1, 1, 2, -1]"
626,bnb_dfs,0.003244161605834961,-4,5,918,"[-1, -2, 1, 1, 2, 2, 1, -2, -2]"
627,bnb_dfs,0.0011401176452636719,-3,4,418,"[-1, -1, -1, 2, 1, 1, 2, 1, -2]"
628,bnb_dfs,0.0002040863037109375,-1,2,83,"[-1, -1, 2, 2, 1, -2, 1, 2, 2]"
629,bnb_dfs,0.0010242462158203125,-3,4,333,"[-1, -2, -1, -2, 1, 1, 2, 1, 2]"
630,bnb_dfs,0.00480198860168457,-2,3,1577,"[-1, -1, 2, 2, 2, 1, 1, -2, -1]"
631,bnb_dfs,0.0019969940185546875,0,1,576,"[-1, -1, 2, 2, 2, 2, 2, 2, 2]"
632,bnb_dfs,0.0034325122833251953,-4,5,966,"[-1, -2, -1, -2, 1, 1, 2, 1, 2]"
633,bnb_dfs,0.00011181831359863281,-1,2,37,"[-1, -1, 2, -1, -2, -1, 2, 2, 2]"
634,bnb_dfs,0.0007982254028320312,-3,4,267,"[-1, -1, 2, -1, -2, -2, 1, 1, 1]"
635,bnb_dfs,0.000102996826171875,-3,3,36,"[-1, -1, 2, 1, 2, 1, -2, 1, 2]"
636,bnb_dfs,0.0009818077087402344,-3,4,335,"[-1, -1, 2, 1, 1, 1, 1, -2, -1]"
637,bnb_dfs,0.0013308525085449219,-4,5,414,"[-1, -1, 2, 2, 1, -2, 1, 1, -2]"
638,bnb_dfs,0.005410432815551758,-2,3,1577,"[-1, -1, 2, 2, 1, 1, 1, -2, -1]"
639,bnb_dfs,0.0037648677825927734,-3,4,1024,"[-1, -1, 2, 1, 2, 2, 1, -2, -2]"
640,bnb_dfs,0.0020751953125,-1,2,578,"[-1, -1, 2, 2, 2, 2, 1, -2, 1]"
641,bnb_dfs,0.0004987716674804688,-3,4,158,"[-1, -2, -1, 2, 2, 2, 1, -2, 1]"
642,bnb_dfs,0.0057222843170166016,-2,3,1577,"[-1, -1, 2, 2, 2, 2, 1, -2, -2]"
643,bnb_dfs,0.0005626678466796875,-1,2,213,"[-1, -1, 2, 2, 2, 1, -2, 1, 2]"
644,bnb_dfs,0.0056416988372802734,-2,3,1577,"[-1, -1, 2, 2, -1, -2, -2, -2, 1]"
645,bnb_dfs,0.0018455982208251953,-4,5,572,"[-1, -2, 1, 1, 2, 2, 2, -1, -2]"
646,bnb_dfs,0.0019757747650146484,-3,4,670,"[-1, -1, 2, -1, 2, -1, -2, -2, 1]"
647,bnb_dfs,0.004547119140625,-2,3,1577,"[-1, -1, 2, 2, -1, -2, -2, -2, 1]"
648,bnb_dfs,0.0007522106170654297,-3,4,257,"[-1, -1, 2, -1, -2, -2, 1, 1, 1]"
649,bnb_dfs,0.0003535747528076172,-3,4,104,"[-1, -1, 2, 1, 2, 1, -2, 1, 2]"
650,bnb_dfs,0.0010845661163330078,-2,3,321,"[-1, -1, 2, 2, 2, 1, -2, -2, 1]"
651,bnb_dfs,0.00478672981262207,-2,3,1577,"[-1, -1, 2, 2, -1, -2, -1, -2, 1]"
652,bnb_dfs,0.00027489662170410156,-3,4,96,"[-1, -1, 2, 1, 2, 1, -2, 1, 2]"
653,bnb_dfs,0.005307197570800781,-2,3,1577,"[-1, -1, 2, 2, 2, 1, -2, -2, 1]"
654,bnb_dfs,0.0005390644073486328,0,1,210,"[-1, -1, 2, 2, 2, 2, 2, 2, 2]"
655,bnb_dfs,4.100799560546875e-05,-1,2,18,"[-1, -2, 1, 1, 2, 2, 2, 2, 2]"
656,bnb_dfs,0.00034236907958984375,-3,3,118,"[-1, -1, 2, 1, 2, -1, -1, -2, -1]"
657,bnb_dfs,0.0018715858459472656,-1,2,578,"[-1, -1, 2, 2, -1, -2, -2, -1, 2]"
658,bnb_dfs,2.1457672119140625e-05,0,1,10,"[-1, -1, 2, 2, 2, 2, 2, 2, 2]"
659,bnb_dfs,0.0018496513366699219,0,1,576,"[-1, -1, 2, 2, 2, 2, 2, 2, 2]"
660,bnb_dfs,0.0006892681121826172,-1,2,213,"[-1, -1, 2, 2, 1, -2, 1, 2, 2]"
661,bnb_dfs,0.002869844436645508,-3,4,905,"[-1, -1, 2, 1, 1, 2, 1, -2, -2]"
662,bnb_dfs,0.0012025833129882812,-2,3,434,"[-1, -2, -1, -1, 2, 1, 2, 1, 2]"
663,bnb_dfs,0.0008912086486816406,-3,4,288,"[-1, -2, -1, 2, 2, 2, 1, -2, 1]"
664,bnb_dfs,0.0014319419860839844,-1,2,578,"[-1, -1, 2, 2, 2, 1, -2, -2, 1]"
665,bnb_dfs,0.00347900390625,-3,4,996,"[-1, -1, 2, -1, -2, -1, -2, 1, 1]"
666,bnb_dfs,0.0032546520233154297,-3,4,997,"[-1, -1, 2, 2, -1, -1, -2, 1, -2]"
667,bnb_dfs,0.002403736114501953,-3,4,787,"[-1, -1, 2, 2, -1, -2, -1, -2, 1]"
668,bnb_dfs,0.00411677360534668,-2,3,1577,"[-1, -1, 2, 1, 2, 2, 1, -2, -2]"
669,bnb_dfs,0.000118255615234375,-1,2,37,"[-1, -1, 2, 1, 2, 2, 2, 2, 2]"
670,bnb_dfs,0.0007891654968261719,-2,3,264,"[-1, -1, 2, 2, 1, -2, 1, 2, 2]"
671,bnb_dfs,0.0035562515258789062,-3,4,1236,"[-1, -2, -1, -1, -2, 1, 1, 1, 2]"
672,bnb_dfs,0.005429506301879883,-2,3,1577,"[-1, -1, 2, 2, -1, -2, -1, -2, 1]"
673,bnb_dfs,0.0005109310150146484,-3,4,160,"[-1, -1, 2, 2, 1, -2, 1, 2, 2]"
674,bnb_dfs,0.0003647804260253906,-3,4,112,"[-1, -2, 1, 1, 2, 2, -1, 2, 2]"
675,bnb_dfs,0.0027892589569091797,-3,4,921,"[-1, -1, 2, 1, 2, 2, 1, -2, -2]"
676,bnb_dfs,0.0011570453643798828,-4,5,356,"[-1, -1, 2, 1, 2, 1, 1, -2, -1]"
677,bnb_dfs,0.003537416458129883,-1,2,578,"[-1, -1, 2, 2, 2, 2, 1, -2, 1]"
678,bnb_dfs,0.0001277923583984375,-2,3,40,"[-1, -2, -2, 1, 2, 1, 2, 2, 2]"
679,bnb_dfs,0.0002727508544921875,-1,2,83,"[-1, -1, 2, 2, 1, -2, 1, 2, 2]"
680,bnb_dfs,0.0029985904693603516,-3,4,824,"[-1, -1, -1, 2, 2, 1, 1, -2, -1]"
681,bnb_dfs,5.91278076171875e-05,-1,2,22,"[-1, -1, 2, 1, 2, 2, 2, 2, 2]"
682,bnb_dfs,0.0036618709564208984,-3,4,1002,"[-1, -1, 2, -1, -2, -1, -2, 1, 1]"
683,bnb_dfs,0.0018041133880615234,-3,4,568,"[-1, -1, 2, -1, 2, -1, -2, -2, 1]"
684,bnb_dfs,0.00545501708984375,-2,3,1577,"[-1, -1, 2, 2, 2, 1, 1, -2, -1]"
685,bnb_dfs,0.0009191036224365234,-4,5,307,"[-1, -1, 2, 1, 2, 1, 1, -2, -1]"
686,bnb_dfs,0.0009150505065917969,-3,4,302,"[-1, -2, -1, -2, 1, 1, 2, 1, 2]"
687,bnb_dfs,0.0005652904510498047,-3,4,199,"[-1, -1, 2, 1, 2, 1, 1, -2, -1]"
688,bnb_dfs,0.0009086132049560547,-3,4,301,"[-1, -2, 1, 1, 2, 2, 1, -2, 1]"
689,bnb_dfs,0.00015592575073242188,-3,4,49,"[-1, -1, 2, 1, 2, 2, -1, -2, -1]"
690,bnb_dfs,0.0009436607360839844,-3,3,338,"[-1, -1, 2, 2, -1, -2, -1, -2, 1]"
691,bnb_dfs,0.0030012130737304688,-4,5,936,"[-1, -2, 1, 1, 2, 2, 2, -1, -2]"
692,bnb_dfs,0.004599094390869141,-2,3,1577,"[-1, -1, 2, 2, 1, 2, -1, -1, -2]"
693,bnb_dfs,0.0012638568878173828,-2,3,355,"[-1, -1, 2, 2, 2, 1, -2, -2, 1]"
694,bnb_dfs,0.0014338493347167969,-3,3,518,"[-1, -1, 2, 1, 2, 2, 1, -2, -2]"
695,bnb_dfs,0.0014765262603759766,-3,4,506,"[-1, -1, 2, 2, -1, -2, -1, -2, 1]"
696,bnb_dfs,0.0004076957702636719,-2,3,122,"[-1, -1, 2, -1, -2, -2, 1, 1, 1]"
697,bnb_dfs,0.0008614063262939453,-2,3,286,"[-1, -1, -1, 2, 1, 2, 1, -2, 1]"
698,bnb_dfs,0.0025970935821533203,-4,5,721,"[-1, -1, -1, 2, 2, 1, 1, -2, -1]"
699,bnb_dfs,0.0017712116241455078,-4,5,542,"[-1, -2, 1, 1, 2, 2, 2, -1, -2]"
700,bnb_dfs,0.00013375282287597656,-2,3,49,"[-1, -1, 2, -1, -1, -2, 1, -2, 1]"
701,bnb_dfs,0.0005280971527099609,-2,3,165,"[-1, -1, 2, 2, 1, -2, 1, 2, 2]"
702,bnb_dfs,0.0008871555328369141,-2,3,294,"[-1, -1, 2, 2, -1, -1, -2, 1, -2]"
703,bnb_dfs,0.0047762393951416016,-2,3,1577,"[-1, -1, -1, 2, 1, 1, 2, 1, -2]"
704,bnb_dfs,0.0015704631805419922,-2,3,498,"[-1, -2, -1, -2, 1, 1, 2, 1, 2]"
705,bnb_dfs,0.002473592758178711,-3,4,766,"[-1, -1, 2, 1, 2, 1, 1, -2, -1]"
706,bnb_dfs,0.0005962848663330078,0,1,210,"[-1, -1, 2, 2, 2, 2, 2, 2, 2]"
707,bnb_dfs,2.1219253540039062e-05,0,1,10,"[-1, -1, 2, 2, 2, 2, 2, 2, 2]"
708,bnb_dfs,0.0007710456848144531,-3,3,234,"[-1, -1, 2, 2, 1, -2, 1, 2, 2]"
709,bnb_dfs,0.0008373260498046875,-2,3,240,"[-1, -1, 2, 2, 1, -2, 1, 2, 2]"
710,bnb_dfs,0.001027822494506836,-2,3,405,"[-1, -2, -1, 2, 2, 2, 1, -2, 1]"
711,bnb_dfs,0.004105091094970703,-1,2,1576,"[-1, -1, 2, 2, 2, -1, -2, -2, -2]"
712,bnb_dfs,0.00023984909057617188,-2,3,72,"[-1, -2, -1, 2, 2, 1, 2, 2, 2]"
713,bnb_dfs,0.0008187294006347656,-3,4,289,"[-1, -2, 1, 1, 1, 2, -1, 2, 2]"
714,bnb_dfs,0.00021982192993164062,-2,3,70,"[-1, -1, 2, 1, 2, 1, -2, 1, 2]"
715,bnb_dfs,0.005486726760864258,-2,3,1577,"[-1, -1, 2, 2, 2, 2, 1, -2, -2]"
716,bnb_dfs,0.0019021034240722656,-1,2,578,"[-1, -1, 2, 2, 2, 1, -2, 1, 2]"
717,bnb_dfs,0.005218982696533203,-1,2,1576,"[-1, -1, 2, 2, 2, 1, 1, -2, -2]"
718,bnb_dfs,0.0005533695220947266,-4,4,161,"[-1, -1, 2, 2, 1, -2, 1, 2, 2]"
719,bnb_dfs,0.00018310546875,-2,3,67,"[-1, -2, -1, 2, 2, 1, 2, 2, 2]"
720,bnb_dfs,0.0026488304138183594,-4,4,768,"[-1, -1, 2, -1, -2, -2, 1, 1, 1]"
721,bnb_dfs,0.0001609325408935547,-2,3,57,"[-1, -1, -1, 2, 1, 1, 2, 2, 2]"
722,bnb_dfs,0.0004410743713378906,-2,3,127,"[-1, -1, 2, 2, 1, -2, 1, 2, 2]"
723,bnb_dfs,0.0035605430603027344,-3,4,1010,"[-1, -1, 2, 1, 2, 2, 1, -2, -2]"
724,bnb_dfs,0.0005917549133300781,0,1,210,"[-1, -1, 2, 2, 2, 2, 2, 2, 2]"
725,bnb_dfs,0.003521442413330078,-3,4,963,"[-1, -1, 2, 1, 2, 2, 1, -2, -2]"
726,bnb_dfs,0.0012195110321044922,-2,3,434,"[-1, -2, -1, -1, 2, 1, 2, 1, 2]"
727,bnb_dfs,0.0003819465637207031,-3,3,110,"[-1, -1, 2, 2, 1, -2, 1, 2, 2]"
728,bnb_dfs,0.0003173351287841797,-2,3,113,"[-1, -1, 2, 2, -1, -2, -2, -1, 2]"
729,bnb_dfs,0.0003952980041503906,-3,4,112,"[-1, -2, 1, 1, 2, 2, -1, 2, 2]"
730,bnb_dfs,0.00019860267639160156,0,1,79,"[-1, -1, 2, 2, 2, 2, 2, 2, 2]"
731,bnb_dfs,0.005689144134521484,-2,3,1577,"[-1, -1, -1, 2, 1, 2, 1, -2, 1]"
732,bnb_dfs,0.002386331558227539,-4,5,764,"[-1, -1, -1, 2, 1, 2, 1, -2, 1]"
733,bnb_dfs,0.0014445781707763672,-3,4,518,"[-1, -1, 2, 2, -1, -2, -1, -2, 1]"
734,bnb_dfs,2.7179718017578125e-05,0,1,11,"[-1, -1, 2, 2, 2, 2, 2, 2, 2]"
735,bnb_dfs,0.0015935897827148438,0,1,576,"[-1, -1, 2, 2, 2, 2, 2, 2, 2]"
736,bnb_dfs,0.0048007965087890625,-2,3,1577,"[-1, -1, 2, 2, 1, -2, 1, 2, 2]"
737,bnb_dfs,0.004132986068725586,-1,2,1576,"[-1, -1, 2, 2, 2, 2, 1, -2, -2]"
738,bnb_dfs,0.004551410675048828,-2,3,1577,"[-1, -1, 2, 2, 1, 1, -2, 1, -2]"
739,bnb_dfs,0.0002636909484863281,-1,2,83,"[-1, -1, 2, 2, 1, -2, 1, 2, 2]"
740,bnb_dfs,0.0002257823944091797,-2,3,73,"[-1, -2, 1, 1, 2, 2, 2, 2, 2]"
741,bnb_dfs,6.4849853515625e-05,-2,2,25,"[-1, -1, 2, 2, 1, -2, 1, 2, 2]"
742,bnb_dfs,0.004743099212646484,-2,3,1577,"[-1, -1, 2, 2, 2, 1, 1, -2, -1]"
743,bnb_dfs,0.004721879959106445,-2,3,1577,"[-1, -1, 2, 2, -1, -2, -1, -2, 1]"
744,bnb_dfs,0.0032775402069091797,-3,4,998,"[-1, -1, 2, 2, 1, -2, 1, 2, 2]"
745,bnb_dfs,0.0046155452728271484,-2,3,1577,"[-1, -1, 2, 2, -1, -2, -2, -2, 1]"
746,bnb_dfs,0.00019288063049316406,-2,3,59,"[-1, -1, -1, 2, 1, 1, 2, 2, 2]"
747,bnb_dfs,0.0005402565002441406,-1,2,213,"[-1, -1, 2, 2, -1, -2, -2, -1, 2]"
748,bnb_dfs,0.0005304813385009766,-2,3,180,"[-1, -1, 2, 1, 2, -1, -1, -2, -1]"
749,bnb_dfs,0.0012774467468261719,-4,5,429,"[-1, -1, 2, 1, 2, 1, -2, 1, -2]"
750,bnb_dfs,0.0014450550079345703,-1,2,578,"[-1, -1, 2, 2, 2, 1, -2, -2, 1]"
751,bnb_dfs,0.0012850761413574219,-4,5,379,"[-1, -1, 2, 1, 2, 1, 1, -2, -1]"
752,bnb_dfs,0.00036072731018066406,-3,3,124,"[-1, -1, 2, 1, 2, -1, -1, -2, -1]"
753,bnb_dfs,0.0007867813110351562,-3,4,224,"[-1, -1, 2, 2, 1, -2, 1, 2, 2]"
754,bnb_dfs,0.004716634750366211,-2,3,1577,"[-1, -1, 2, 2, -1, -2, -1, -2, 1]"
755,bnb_dfs,0.0046002864837646484,0,1,1575,"[-1, -1, 2, 2, 2, 2, 2, 2, 2]"
756,bnb_dfs,0.0043485164642333984,-2,3,1577,"[-1, -1, 2, 2, -1, -2, -1, -2, 1]"
757,bnb_dfs,0.0011878013610839844,-2,3,378,"[-1, -2, 1, 1, 1, -2, -1, -1, -1]"
758,bnb_dfs,0.0018084049224853516,-3,4,519,"[-1, -1, 2, 1, 2, 1, -2, 1, -2]"
759,bnb_dfs,0.0004127025604248047,-3,4,106,"[-1, -1, 2, 2, 1, -2, 1, 2, 2]"
760,bnb_dfs,0.0006606578826904297,-1,2,213,"[-1, -1, 2, 2, 1, 1, -2, 1, 2]"
761,bnb_dfs,0.00048160552978515625,-3,4,148,"[-1, -1, -1, 2, 1, 2, 1, -2, 1]"
762,bnb_dfs,0.00023484230041503906,0,1,79,"[-1, -1, 2, 2, 2, 2, 2, 2, 2]"
763,bnb_dfs,0.0007274150848388672,-3,3,245,"[-1, -1, 2, 2, 2, 1, -2, -2, 1]"
764,bnb_dfs,0.0007727146148681641,-3,4,277,"[-1, -2, 1, 1, 1, 2, -1, 2, 2]"
765,bnb_dfs,0.00013184547424316406,-2,2,45,"[-1, -1, 2, 2, 1, -2, 1, 2, 2]"
766,bnb_dfs,0.0040988922119140625,-2,3,1577,"[-1, -2, -1, -1, -2, 1, 1, 1, 2]"
767,bnb_dfs,0.00038123130798339844,-2,3,142,"[-1, -1, -1, 2, 1, 2, 1, -2, 1]"
768,bnb_dfs,0.001954317092895508,-3,4,658,"[-1, -1, 2, 1, 2, 1, 1, -2, -1]"
769,bnb_dfs,0.004715919494628906,-2,3,1577,"[-1, -1, 2, 2, 1, 1, 1, -2, -1]"
770,bnb_dfs,0.001436471939086914,-1,2,578,"[-1, -1, 2, 2, 2, 1, -2, -2, 1]"
771,bnb_dfs,0.005675315856933594,-2,3,1577,"[-1, -1, 2, 2, -1, -2, -2, -2, 1]"
772,bnb_dfs,0.0004780292510986328,-3,4,149,"[-1, -1, 2, 1, 1, 2, 1, -2, 1]"
773,bnb_dfs,0.0021910667419433594,-4,5,756,"[-1, -1, 2, 1, 2, 2, 1, -2, -2]"
774,bnb_dfs,0.0004248619079589844,-3,4,138,"[-1, -1, -1, 2, 1, 2, 1, -2, 1]"
775,bnb_dfs,0.0052831172943115234,-2,3,1577,"[-1, -1, 2, 1, 2, 2, 1, -2, -2]"
776,bnb_dfs,0.0009937286376953125,-3,4,283,"[-1, -1, 2, 2, 1, -2, 1, 2, 2]"
777,bnb_dfs,0.0019674301147460938,-3,4,615,"[-1, -1, 2, -1, -2, -2, 1, -2, -1]"
778,bnb_dfs,0.0012443065643310547,-4,5,379,"[-1, -1, 2, 2, 1, -2, 1, 1, -2]"
779,bnb_dfs,0.00532221794128418,-2,3,1577,"[-1, -1, 2, 2, -1, -1, -2, 1, -2]"
780,bnb_dfs,0.0003154277801513672,-3,4,97,"[-1, -1, 2, 2, 1, -2, 1, 2, 2]"
781,bnb_dfs,0.0003523826599121094,-2,3,102,"[-1, -1, 2, 1, 2, 1, -2, 1, 2]"
782,bnb_dfs,0.004632472991943359,-2,3,1577,"[-1, -1, 2, 2, -1, -2, -2, -2, 1]"
783,bnb_dfs,0.00010132789611816406,-1,2,37,"[-1, -1, 2, -1, -2, -1, 2, 2, 2]"
784,bnb_dfs,0.002299070358276367,-4,4,748,"[-1, -1, 2, -1, 2, 1, 1, -2, 1]"
785,bnb_dfs,0.0014178752899169922,-3,3,522,"[-1, -1, 2, 1, 2, 2, 1, -2, -2]"
786,bnb_dfs,0.0052585601806640625,-2,3,1577,"[-1, -1, 2, 2, 2, 1, -2, -2, 1]"
787,bnb_dfs,0.0001842975616455078,-2,3,67,"[-1, -2, -1, 2, 2, 1, 2, 2, 2]"
788,bnb_dfs,0.0034265518188476562,-4,5,939,"[-1, -2, 1, 1, 2, 2, 2, -1, -2]"
789,bnb_dfs,0.0038976669311523438,-3,4,1056,"[-1, -1, 2, 2, 2, 1, -2, -2, 1]"
790,bnb_dfs,0.0014986991882324219,-3,4,518,"[-1, -1, 2, 1, 2, 1, 1, -2, -1]"
791,bnb_dfs,0.00455021858215332,0,1,1575,"[-1, -1, 2, 2, 2, 2, 2, 2, 2]"
792,bnb_dfs,0.0002117156982421875,-3,3,65,"[-1, -1, 2, 1, 2, 1, -2, 1, 2]"
793,bnb_dfs,0.004121065139770508,0,1,1575,"[-1, -1, 2, 2, 2, 2, 2, 2, 2]"
794,bnb_dfs,0.0002493858337402344,-2,3,80,"[-1, -2, -2, 1, 2, 1, 2, 2, 2]"
795,bnb_dfs,0.002682924270629883,-3,3,896,"[-1, -1, 2, 2, 2, 1, -2, -2, 1]"
796,bnb_dfs,0.0009589195251464844,-4,5,348,"[-1, -2, 1, 1, -2, -1, -2, -1, 2]"
797,bnb_dfs,0.002717256546020508,-4,4,795,"[-1, -2, 1, 1, 2, 2, -1, -1, 2]"
798,bnb_dfs,0.001020193099975586,-3,4,372,"[-1, -1, 2, 2, -1, -2, -1, -2, 1]"
799,bnb_dfs,0.0013213157653808594,-3,4,402,"[-1, -1, 2, 2, 1, -2, 1, 1, -2]"
800,bnb_dfs,0.00013375282287597656,-1,2,37,"[-1, -1, 2, 1, 2, 2, 2, 2, 2]"
801,bnb_dfs,0.001810312271118164,0,1,576,"[-1, -1, 2, 2, 2, 2, 2, 2, 2]"
802,bnb_dfs,0.0006873607635498047,0,1,210,"[-1, -1, 2, 2, 2, 2, 2, 2, 2]"
803,bnb_dfs,0.0011005401611328125,-4,5,370,"[-1, -2, 1, 1, 2, 2, 2, -1, -2]"
804,bnb_dfs,9.989738464355469e-05,-2,3,36,"[-1, -1, 2, 1, 2, 1, -2, 1, 2]"
805,bnb_dfs,0.0014488697052001953,-4,5,433,"[-1, -1, 2, 2, 1, -2, 1, 1, -2]"
806,bnb_dfs,0.0006237030029296875,-4,4,179,"[-1, -1, 2, 2, 1, -2, 1, 2, 2]"
807,bnb_dfs,0.00011014938354492188,-2,2,38,"[-1, -1, 2, 2, 1, -2, 1, 2, 2]"
808,bnb_dfs,0.0028786659240722656,-3,4,823,"[-1, -1, 2, -1, 2, -1, -2, -2, 1]"
809,bnb_dfs,4.076957702636719e-05,-1,2,18,"[-1, -2, 1, 1, 2, 2, 2, 2, 2]"
810,bnb_dfs,0.002492189407348633,-4,5,730,"[-1, -2, 1, 1, 1, 2, -1, 2, -1]"
811,bnb_dfs,0.0007021427154541016,-3,4,255,"[-1, -1, -1, 2, 2, 1, -2, 1, 2]"
812,bnb_dfs,0.004320621490478516,-2,3,1577,"[-1, -1, 2, 2, 2, 1, 1, -2, -1]"
813,bnb_dfs,0.0007190704345703125,-1,2,213,"[-1, -1, 2, 2, 2, 1, -2, 1, 2]"
814,bnb_dfs,0.0013668537139892578,-4,5,410,"[-1, -1, 2, 2, 1, -2, 1, 1, -2]"
815,bnb_dfs,0.00026702880859375,-1,2,83,"[-1, -1, 2, 2, 1, -2, 1, 2, 2]"
816,bnb_dfs,0.003733396530151367,-3,4,1236,"[-1, -2, -1, -1, -2, 1, 1, 1, 2]"
817,bnb_dfs,0.005808115005493164,-2,3,1577,"[-1, -1, 2, 2, 1, 1, 1, -2, -1]"
818,bnb_dfs,0.002165079116821289,-4,5,748,"[-1, -1, -1, 2, 1, 2, 1, -2, 1]"
819,bnb_dfs,0.0020170211791992188,-1,2,578,"[-1, -1, 2, 2, -1, -2, -2, -1, 2]"
820,bnb_dfs,0.0001919269561767578,-2,2,56,"[-1, -1, 2, 2, 1, -2, 1, 2, 2]"
821,bnb_dfs,7.128715515136719e-05,-2,3,29,"[-1, -1, 2, 1, 1, 2, 2, 2, 2]"
822,bnb_dfs,0.0027256011962890625,-3,3,810,"[-1, -1, 2, 2, 2, 1, -2, -2, 1]"
823,bnb_dfs,0.0016639232635498047,-3,4,519,"[-1, -1, 2, 1, 2, 1, 1, -2, -1]"
824,bnb_dfs,0.0003426074981689453,-3,4,100,"[-1, -1, 2, 1, 2, 1, -2, 1, 2]"
825,bnb_dfs,0.0016894340515136719,-1,2,578,"[-1, -1, 2, 2, 2, 2, 1, -2, 1]"
826,bnb_dfs,0.0004515647888183594,-3,4,139,"[-1, -1, 2, 2, 1, -2, 1, 2, 2]"
827,bnb_dfs,0.000986337661743164,-2,3,380,"[-1, -2, 1, 1, 1, -2, -1, -1, -1]"
828,bnb_dfs,0.004648685455322266,-3,4,1412,"[-1, -2, -2, 1, 1, 1, 2, -1, -1]"
829,bnb_dfs,0.00525665283203125,-2,3,1577,"[-1, -1, 2, 1, 2, 2, 1, -2, -2]"
830,bnb_dfs,0.0005831718444824219,-4,5,208,"[-1, -1, 2, 1, 2, 1, 1, -2, -1]"
831,bnb_dfs,0.000942230224609375,-2,3,322,"[-1, -1, 2, 1, 2, 1, -2, 1, 2]"
832,bnb_dfs,0.001665353775024414,-3,4,568,"[-1, -1, 2, -1, 2, -1, -2, -2, 1]"
833,bnb_dfs,0.0008306503295898438,-2,3,292,"[-1, -1, 2, 2, 2, 1, -2, -2, 1]"
834,bnb_dfs,6.270408630371094e-05,-2,2,25,"[-1, -1, 2, 2, 1, -2, 1, 2, 2]"
835,bnb_dfs,0.0007050037384033203,-1,2,213,"[-1, -1, 2, 2, 2, 1, -2, 1, 2]"
836,bnb_dfs,0.0052642822265625,-2,3,1577,"[-1, -1, -1, 2, 2, 1, 1, -2, -1]"
837,bnb_dfs,0.0009491443634033203,-2,3,281,"[-1, -1, 2, 1, 2, -1, -1, -2, -1]"
838,bnb_dfs,0.0004417896270751953,-2,3,126,"[-1, -1, 2, 1, 2, 1, -2, 1, 2]"
839,bnb_dfs,0.00011754035949707031,-2,3,42,"[-1, -1, 2, 2, 2, 1, -2, -2, 1]"
840,bnb_dfs,0.001871347427368164,-3,4,571,"[-1, -1, 2, 1, 2, 1, 1, -2, -1]"
841,bnb_dfs,0.0011446475982666016,-3,4,392,"[-1, -1, 2, 1, 2, 1, 1, -2, -1]"
842,bnb_dfs,0.0007336139678955078,0,1,210,"[-1, -1, 2, 2, 2, 2, 2, 2, 2]"
843,bnb_dfs,9.059906005859375e-05,-1,2,37,"[-1, -1, 2, -1, -2, -1, 2, 2, 2]"
844,bnb_dfs,0.0001513957977294922,-2,2,52,"[-1, -1, 2, 2, 1, -2, 1, 2, 2]"
845,bnb_dfs,0.004776716232299805,-1,2,1576,"[-1, -1, 2, 2, 2, 2, 2, 1, -2]"
846,bnb_dfs,0.001287698745727539,-3,4,436,"[-1, -1, 2, 1, 1, 1, -2, -2, -1]"
847,bnb_dfs,0.0017349720001220703,-4,5,528,"[-1, -1, 2, 2, 1, -2, 1, 1, -2]"
848,bnb_dfs,0.0006864070892333984,-1,2,213,"[-1, -1, 2, 2, 1, -2, 1, 2, 2]"
849,bnb_dfs,0.0008718967437744141,-4,5,292,"[-1, -1, 2, 1, 2, 1, 1, -2, -1]"
850,bnb_dfs,0.0003807544708251953,-3,4,109,"[-1, -1, 2, 2, 1, -2, 1, 2, 2]"
851,bnb_dfs,0.0022802352905273438,-4,4,677,"[-1, -1, 2, 2, 2, 1, -2, -2, 1]"
852,bnb_dfs,0.0018198490142822266,-3,3,660,"[-1, -1, 2, 1, 2, 2, 1, -2, -2]"
853,bnb_dfs,0.0007627010345458984,-3,4,255,"[-1, -1, 2, 1, 2, 1, -2, 1, 2]"
854,bnb_dfs,0.0015931129455566406,0,1,576,"[-1, -1, 2, 2, 2, 2, 2, 2, 2]"
855,bnb_dfs,0.0010671615600585938,-4,5,375,"[-1, -1, 2, 1, 2, 1, -2, 1, -2]"
856,bnb_dfs,0.0023391246795654297,-4,4,746,"[-1, -1, 2, 1, 2, 2, 1, -2, -2]"
857,bnb_dfs,0.002039194107055664,-1,2,578,"[-1, -1, 2, 2, 2, 1, -2, 1, 2]"
858,bnb_dfs,0.0008251667022705078,-2,3,253,"[-1, -1, 2, 2, 1, -2, 1, 2, 2]"
859,bnb_dfs,0.004573822021484375,-2,3,1577,"[-1, -1, 2, 2, 1, 2, -1, -1, -2]"
860,bnb_dfs,0.003256082534790039,-3,4,996,"[-1, -1, 2, 2, 1, -2, 1, 2, 2]"
861,bnb_dfs,0.0001685619354248047,-2,2,50,"[-1, -1, 2, 2, 1, -2, 1, 2, 2]"
862,bnb_dfs,5.2928924560546875e-05,-2,2,19,"[-1, -1, 2, 2, 2, 1, -2, -2, 1]"
863,bnb_dfs,0.005481719970703125,-2,3,1577,"[-1, -1, 2, 2, 2, 2, 1, -2, -2]"
864,bnb_dfs,0.00023365020751953125,-1,2,83,"[-1, -1, 2, 2, 1, -2, 1, 2, 2]"
865,bnb_dfs,0.00029969215393066406,-2,3,114,"[-1, -1, 2, 1, 1, 2, 1, -2, 1]"
866,bnb_dfs,0.0006785392761230469,-2,3,236,"[-1, -1, 2, 1, 2, -1, -1, -2, -1]"
867,bnb_dfs,4.220008850097656e-05,-1,2,18,"[-1, -2, 1, 1, 2, 2, 2, 2, 2]"
868,bnb_dfs,0.0003101825714111328,-3,3,110,"[-1, -1, 2, -1, 2, 1, 1, -2, 1]"
869,bnb_dfs,0.0005867481231689453,0,1,210,"[-1, -1, 2, 2, 2, 2, 2, 2, 2]"
870,bnb_dfs,0.0008413791656494141,-3,4,294,"[-1, -2, -1, 2, -1, 2, 1, 1, 2]"
871,bnb_dfs,0.002142667770385742,-4,5,646,"[-1, -1, 2, 1, 2, 1, -2, 1, -2]"
872,bnb_dfs,0.0005779266357421875,-2,2,217,"[-1, -1, 2, 2, 2, 1, -2, -2, 1]"
873,bnb_dfs,0.0003364086151123047,0,1,79,"[-1, -1, 2, 2, 2, 2, 2, 2, 2]"
874,bnb_dfs,0.0041658878326416016,-2,3,1577,"[-1, -1, 2, -1, 2, -1, -2, -2, 1]"
875,bnb_dfs,0.0009071826934814453,-3,3,269,"[-1, -1, 2, 2, 2, 1, -2, -2, 1]"
876,bnb_dfs,0.0030024051666259766,-3,4,935,"[-1, -1, 2, 1, 2, 2, 1, -2, -2]"
877,bnb_dfs,0.00107574462890625,-3,4,338,"[-1, -1, 2, 2, 1, -2, 1, 1, -2]"
878,bnb_dfs,0.0003387928009033203,-2,3,113,"[-1, -1, 2, 2, -1, -2, -2, -1, 2]"
879,bnb_dfs,0.005465030670166016,-1,2,1576,"[-1, -1, 2, 2, 2, 2, 2, 1, -2]"
880,bnb_dfs,0.004147052764892578,0,1,1575,"[-1, -1, 2, 2, 2, 2, 2, 2, 2]"
881,bnb_dfs,0.0018024444580078125,-4,5,555,"[-1, -2, -1, -2, 1, 1, 2, 1, 2]"
882,bnb_dfs,0.0040209293365478516,-3,4,1243,"[-1, -2, 1, 1, 1, 2, 2, -1, -2]"
883,bnb_dfs,0.00010728836059570312,-2,3,36,"[-1, -2, 1, 1, 2, 2, 2, 2, 2]"
884,bnb_dfs,0.001209259033203125,-2,3,434,"[-1, -2, -1, -1, 2, 1, 2, 1, 2]"
885,bnb_dfs,0.0005397796630859375,-1,2,213,"[-1, -1, 2, 2, -1, -2, -2, -1, 2]"
886,bnb_dfs,0.005806446075439453,-2,3,1577,"[-1, -1, 2, 2, -1, -2, -1, -2, 1]"
887,bnb_dfs,0.0006852149963378906,-1,2,213,"[-1, -1, 2, 2, 1, 1, -2, 1, 2]"
888,bnb_dfs,0.0005309581756591797,0,1,210,"[-1, -1, 2, 2, 2, 2, 2, 2, 2]"
889,bnb_dfs,0.005250215530395508,-2,2,1576,"[-1, -1, 2, 2, 2, 1, -2, -2, 1]"
890,bnb_dfs,0.00019288063049316406,-2,3,64,"[-1, -2, 1, 1, -2, -1, -1, -1, 2]"
891,bnb_dfs,0.0031561851501464844,-3,4,879,"[-1, -1, 2, 2, 1, -2, 1, 2, 2]"
892,bnb_dfs,4.9114227294921875e-05,0,1,16,"[-1, -1, 2, 2, 2, 2, 2, 2, 2]"
893,bnb_dfs,0.00027751922607421875,-1,2,83,"[-1, -1, 2, 1, 1, 2, 2, 2, 2]"
894,bnb_dfs,0.002928495407104492,-3,4,1087,"[-1, -2, 1, 1, 2, 2, 2, -1, -2]"
895,bnb_dfs,0.00047135353088378906,-2,3,153,"[-1, -1, 2, 1, 1, 2, 1, -2, 1]"
896,bnb_dfs,0.0016074180603027344,0,1,576,"[-1, -1, 2, 2, 2, 2, 2, 2, 2]"
897,bnb_dfs,0.00015926361083984375,-2,3,57,"[-1, -1, 2, 1, 2, 1, -2, 1, 2]"
898,bnb_dfs,0.0042912960052490234,-2,3,1577,"[-1, -1, 2, 2, 2, 1, 1, -2, -1]"
899,bnb_dfs,0.0009992122650146484,-2,3,322,"[-1, -1, 2, 2, 2, 1, -2, -2, 1]"
900,bnb_dfs,0.0006482601165771484,-2,3,213,"[-1, -1, 2, -1, -2, -1, -2, 1, 1]"
901,bnb_dfs,0.002828836441040039,-3,4,932,"[-1, -1, 2, 2, -1, -1, -2, 1, -2]"
902,bnb_dfs,0.0019359588623046875,-3,4,658,"[-1, -1, 2, 1, 2, 1, 1, -2, -1]"
903,bnb_dfs,0.0003364086151123047,-2,3,103,"[-1, -1, 2, 1, 1, 1, -2, 1, 2]"
904,bnb_dfs,0.003449678421020508,-3,4,985,"[-1, -1, 2, -1, -2, -1, -2, 1, 1]"
905,bnb_dfs,0.0054247379302978516,-1,2,1576,"[-1, -1, 2, 2, 2, 2, 2, 1, -2]"
906,bnb_dfs,0.0015187263488769531,-4,5,501,"[-1, -1, 2, 1, 2, 1, -2, 1, -2]"
907,bnb_dfs,0.0041506290435791016,0,1,1575,"[-1, -1, 2, 2, 2, 2, 2, 2, 2]"
908,bnb_dfs,0.002384185791015625,-3,4,787,"[-1, -1, 2, -1, 2, -1, -2, -2, 1]"
909,bnb_dfs,0.0032083988189697266,-3,4,1026,"[-1, -1, 2, 2, -1, -1, -2, 1, -2]"
910,bnb_dfs,0.0023822784423828125,-3,4,762,"[-1, -1, 2, 2, -1, -2, -1, -2, 1]"
911,bnb_dfs,0.0001761913299560547,-2,3,64,"[-1, -2, 1, 1, -2, -1, -1, -1, 2]"
912,bnb_dfs,0.0021517276763916016,-4,5,710,"[-1, -1, 2, 1, 2, -1, -1, -2, -2]"
913,bnb_dfs,0.0001785755157470703,-2,3,67,"[-1, -2, -1, 2, 2, 1, 2, 2, 2]"
914,bnb_dfs,0.004126071929931641,-2,3,1577,"[-1, -1, 2, 1, 2, 2, 1, -2, -2]"
915,bnb_dfs,0.0002353191375732422,-1,2,83,"[-1, -1, 2, 2, 1, -2, 1, 2, 2]"
916,bnb_dfs,0.0008687973022460938,-3,3,250,"[-1, -1, 2, 2, 1, -2, 1, 2, 2]"
917,bnb_dfs,0.0002999305725097656,-3,4,107,"[-1, -1, 2, 1, 1, 2, 1, -2, 1]"
918,bnb_dfs,0.004716634750366211,-2,3,1577,"[-1, -1, 2, 2, -1, -2, -1, -2, 1]"
919,bnb_dfs,0.0033342838287353516,-3,4,1259,"[-1, -2, -1, -2, 1, 1, 1, 2, -1]"
920,bnb_dfs,0.0023717880249023438,-4,4,665,"[-1, -1, 2, 2, 1, -2, 1, 1, -2]"
921,bnb_dfs,0.0056455135345458984,-2,3,1577,"[-1, -1, 2, 2, 2, -1, -2, -2, -2]"
922,bnb_dfs,0.0011954307556152344,-4,5,411,"[-1, -2, -1, -2, 1, 1, 1, 2, -1]"
923,bnb_dfs,0.0013401508331298828,-3,3,499,"[-1, -1, 2, 1, 2, 2, 1, -2, -2]"
924,bnb_dfs,0.0023910999298095703,-3,4,787,"[-1, -1, 2, 2, -1, -2, -1, -2, 1]"
925,bnb_dfs,0.004337310791015625,-1,2,1576,"[-1, -1, 2, 2, 2, 2, 2, 1, -2]"
926,bnb_dfs,0.0014691352844238281,-1,2,578,"[-1, -1, 2, 2, 2, 1, -2, -2, 1]"
927,bnb_dfs,0.0003497600555419922,-3,4,111,"[-1, -1, 2, 2, 1, -2, 1, 2, 2]"
928,bnb_dfs,0.0001773834228515625,-3,4,64,"[-1, -2, 1, 1, 2, 2, -1, 2, 2]"
929,bnb_dfs,8.20159912109375e-05,-2,3,34,"[-1, -2, 1, 1, 2, 2, 2, 2, 2]"
930,bnb_dfs,0.004121065139770508,-1,2,1576,"[-1, -1, 2, 2, 2, 2, 1, -2, -2]"
931,bnb_dfs,0.0011401176452636719,-4,5,397,"[-1, -1, 2, 1, 2, 1, -2, 1, -2]"
932,bnb_dfs,0.00034332275390625,-2,3,114,"[-1, -1, 2, 1, 2, 1, -2, 1, 2]"
933,bnb_dfs,0.0011882781982421875,-4,5,400,"[-1, -2, -1, -2, 1, 1, 1, 2, -1]"
934,bnb_dfs,0.0031287670135498047,-3,4,966,"[-1, -1, 2, -1, -2, -1, -2, 1, 1]"
935,bnb_dfs,5.221366882324219e-05,-1,2,22,"[-1, -1, 2, 1, 2, 2, 2, 2, 2]"
936,bnb_dfs,0.0008649826049804688,-3,3,246,"[-1, -1, 2, 2, 1, -2, 1, 2, 2]"
937,bnb_dfs,0.0013229846954345703,-3,3,499,"[-1, -1, 2, 1, 2, 2, 1, -2, -2]"
938,bnb_dfs,2.3603439331054688e-05,0,1,10,"[-1, -1, 2, 2, 2, 2, 2, 2, 2]"
939,bnb_dfs,0.0030868053436279297,-3,4,862,"[-1, -1, 2, -1, 2, 1, 1, -2, 1]"
940,bnb_dfs,0.0029201507568359375,-4,4,806,"[-1, -1, 2, 2, 2, 1, -2, -2, 1]"
941,bnb_dfs,0.0015940666198730469,0,1,576,"[-1, -1, 2, 2, 2, 2, 2, 2, 2]"
942,bnb_dfs,5.888938903808594e-05,-1,2,22,"[-1, -2, 1, 1, 2, 2, 2, 2, 2]"
943,bnb_dfs,0.0010366439819335938,-2,3,405,"[-1, -2, -1, 2, 2, 2, 1, -2, 1]"
944,bnb_dfs,0.0032465457916259766,-3,4,997,"[-1, -1, 2, 2, -1, -1, -2, 1, -2]"
945,bnb_dfs,0.0005028247833251953,-2,3,180,"[-1, -1, 2, 1, 2, -1, -1, -2, -1]"
946,bnb_dfs,0.0009229183197021484,-4,5,327,"[-1, -2, 1, 1, 1, 2, 2, -1, -2]"
947,bnb_dfs,0.001230478286743164,-2,3,430,"[-1, -2, -1, 2, 2, 2, 1, -2, 1]"
948,bnb_dfs,0.0003745555877685547,-2,3,132,"[-1, -1, 2, 2, -1, -1, -2, 1, -2]"
949,bnb_dfs,0.00035119056701660156,-2,3,132,"[-1, -1, 2, 2, -1, -1, -2, 1, -2]"
950,bnb_dfs,0.0001049041748046875,0,1,32,"[-1, -1, 2, 2, 2, 2, 2, 2, 2]"
951,bnb_dfs,0.0006551742553710938,-3,3,239,"[-1, -1, 2, 2, 2, 1, -2, -2, 1]"
952,bnb_dfs,0.0009531974792480469,-3,4,286,"[-1, -2, 1, -2, 1, 2, 2, 2, 2]"
953,bnb_dfs,0.004656314849853516,-2,3,1577,"[-1, -1, 2, 2, 1, 2, -1, -1, -2]"
954,bnb_dfs,0.003355741500854492,-3,4,1259,"[-1, -2, -1, -2, 1, 1, 1, 2, -1]"
955,bnb_dfs,0.0010292530059814453,-3,4,300,"[-1, -2, -1, 2, -1, 2, 1, 1, 2]"
956,bnb_dfs,0.002056121826171875,-4,5,724,"[-1, -1, 2, 1, 2, 2, 1, -2, -2]"
957,bnb_dfs,0.0003294944763183594,-3,4,102,"[-1, -1, -1, 2, 1, 1, 1, 2, 2]"
958,bnb_dfs,0.001178741455078125,-4,5,393,"[-1, -1, 2, 1, 2, 1, -2, 1, -2]"
959,bnb_dfs,0.004106044769287109,-1,2,1576,"[-1, -1, 2, 2, 2, -1, -2, -2, -2]"
960,bnb_dfs,0.0006656646728515625,-4,5,235,"[-1, -1, 2, 1, 2, 1, 1, -2, -1]"
961,bnb_dfs,0.0033576488494873047,-4,5,920,"[-1, -2, -1, -2, 1, 1, 2, 1, 2]"
962,bnb_dfs,0.001619100570678711,0,1,576,"[-1, -1, 2, 2, 2, 2, 2, 2, 2]"
963,bnb_dfs,0.0057337284088134766,-2,3,1577,"[-1, -1, 2, 2, 2, 1, -2, -2, 1]"
964,bnb_dfs,0.0027091503143310547,-4,5,751,"[-1, -1, 2, -1, -2, -2, 1, 1, 1]"
965,bnb_dfs,0.0004923343658447266,-2,3,180,"[-1, -1, 2, -1, -2, -1, -2, 1, 1]"
966,bnb_dfs,0.0009839534759521484,-3,4,277,"[-1, -1, 2, 2, 1, -2, 1, 2, 2]"
967,bnb_dfs,0.0006592273712158203,-2,3,236,"[-1, -1, 2, 1, 2, -1, -1, -2, -1]"
968,bnb_dfs,0.0002589225769042969,-3,4,96,"[-1, -2, 1, 1, 2, 2, 1, -2, 1]"
969,bnb_dfs,0.00021719932556152344,-1,2,83,"[-1, -1, 2, 2, 1, -2, 1, 2, 2]"
970,bnb_dfs,0.00015497207641601562,-2,3,62,"[-1, -2, 1, 1, -2, -1, -1, -1, 2]"
971,bnb_dfs,0.00024580955505371094,-3,4,80,"[-1, -2, 1, 1, 2, 2, -1, 2, 2]"
972,bnb_dfs,9.489059448242188e-05,-2,3,40,"[-1, -2, -2, 1, 2, 1, 2, 2, 2]"
973,bnb_dfs,0.0045623779296875,-2,3,1577,"[-1, -1, 2, 2, -1, -2, -2, -2, 1]"
974,bnb_dfs,0.001131296157836914,-2,3,324,"[-1, -1, 2, -1, -2, -1, -2, 1, 1]"
975,bnb_dfs,0.0007028579711914062,-3,4,252,"[-1, -1, 2, 1, 2, 1, -2, 1, 2]"
976,bnb_dfs,0.0003418922424316406,-3,3,102,"[-1, -1, 2, 2, 1, -2, 1, 2, 2]"
977,bnb_dfs,0.003979682922363281,-3,4,1243,"[-1, -2, 1, -2, 1, 1, 2, -1, 2]"
978,bnb_dfs,0.00010895729064941406,-2,2,38,"[-1, -1, 2, 2, 1, -2, 1, 2, 2]"
979,bnb_dfs,0.0013642311096191406,-4,5,471,"[-1, -2, 1, 1, 2, 2, 2, -1, -2]"
980,bnb_dfs,2.193450927734375e-05,0,1,10,"[-1, -1, 2, 2, 2, 2, 2, 2, 2]"
981,bnb_dfs,0.0012705326080322266,-2,3,360,"[-1, -1, 2, -1, -1, -2, 1, -2, 1]"
982,bnb_dfs,0.0020542144775390625,-4,5,687,"[-1, -1, 2, 1, 2, 1, 1, -2, -1]"
983,bnb_dfs,0.0003437995910644531,-3,3,118,"[-1, -1, 2, 1, 2, -1, -1, -2, -1]"
984,bnb_dfs,0.0026617050170898438,-4,5,875,"[-1, -2, 1, 1, 2, 2, 1, -2, -2]"
985,bnb_dfs,0.0009596347808837891,-3,3,270,"[-1, -1, 2, 2, 2, 1, -2, -2, 1]"
986,bnb_dfs,0.0020787715911865234,-1,2,578,"[-1, -1, 2, 2, 2, 2, 1, -2, 1]"
987,bnb_dfs,0.00024080276489257812,-2,3,86,"[-1, -1, 2, -1, -2, -2, 1, 1, 1]"
988,bnb_dfs,0.0005476474761962891,0,1,210,"[-1, -1, 2, 2, 2, 2, 2, 2, 2]"
989,bnb_dfs,0.0012121200561523438,-2,3,430,"[-1, -2, -1, 2, 2, 2, 1, -2, 1]"
990,bnb_dfs,0.0006546974182128906,-2,3,236,"[-1, -1, 2, 1, 2, -1, -1, -2, -1]"
991,bnb_dfs,0.0023615360260009766,-3,4,732,"[-1, -1, 2, 2, -1, -2, -1, -2, 1]"
992,bnb_dfs,0.00412297248840332,-2,3,1577,"[-1, -1, 2, -1, 2, -1, -2, -2, 1]"
993,bnb_dfs,0.005436420440673828,-2,3,1577,"[-1, -1, 2, 2, 2, 1, 1, -2, -1]"
994,bnb_dfs,0.00010585784912109375,-2,2,37,"[-1, -1, 2, 2, 1, -2, 1, 2, 2]"
995,bnb_dfs,0.00038933753967285156,-3,4,126,"[-1, -1, -1, 2, 1, 2, 1, -2, 1]"
996,bnb_dfs,0.0025682449340820312,-3,4,866,"[-1, -1, 2, 1, 1, 2, 1, -2, -2]"
997,bnb_dfs,0.0028715133666992188,-3,4,801,"[-1, -1, 2, 2, -1, -2, -1, -2, 1]"
998,bnb_dfs,0.0036826133728027344,-3,4,1042,"[-1, -1, 2, -1, 2, -1, -2, -2, 1]"
999,bnb_dfs,0.00043082237243652344,-4,4,134,"[-1, -1, 2, 1, 1, 2, -1, -1, 2]"
